application_id,patent_id,filing_date,assignee_id,comn,assignee_type,f_year,temp
14643719,10000000,2015-03-10,aeef7c1f-e757-467f-8e07-289dc8c6ed95,Raytheon Company,2,2015,1
14643719,10000000,2015-03-10,aeef7c1f-e757-467f-8e07-289dc8c6ed95,Raytheon Company,2,2015,2
14643719,10000000,2015-03-10,aeef7c1f-e757-467f-8e07-289dc8c6ed95,Raytheon Company,2,2015,3
14643719,10000000,2015-03-10,aeef7c1f-e757-467f-8e07-289dc8c6ed95,Raytheon Company,2,2015,4
14643719,10000000,2015-03-10,aeef7c1f-e757-467f-8e07-289dc8c6ed95,Raytheon Company,2,2015,5
14962323,10000001,2015-12-08,c3c60c29-a35e-4ab4-b0dc-ba4b8aa6be6c,LS MTRON LTD.,3,2015,6
14962323,10000001,2015-12-08,c3c60c29-a35e-4ab4-b0dc-ba4b8aa6be6c,LS MTRON LTD.,3,2015,7
14962323,10000001,2015-12-08,c3c60c29-a35e-4ab4-b0dc-ba4b8aa6be6c,LS MTRON LTD.,3,2015,8
14962323,10000001,2015-12-08,c3c60c29-a35e-4ab4-b0dc-ba4b8aa6be6c,LS MTRON LTD.,3,2015,9
14962323,10000001,2015-12-08,c3c60c29-a35e-4ab4-b0dc-ba4b8aa6be6c,LS MTRON LTD.,3,2015,10
14962323,10000001,2015-12-08,c3c60c29-a35e-4ab4-b0dc-ba4b8aa6be6c,LS MTRON LTD.,3,2015,11
14962323,10000001,2015-12-08,c3c60c29-a35e-4ab4-b0dc-ba4b8aa6be6c,LS MTRON LTD.,3,2015,12
14962323,10000001,2015-12-08,c3c60c29-a35e-4ab4-b0dc-ba4b8aa6be6c,LS MTRON LTD.,3,2015,13
14962323,10000001,2015-12-08,c3c60c29-a35e-4ab4-b0dc-ba4b8aa6be6c,LS MTRON LTD.,3,2015,14
14962323,10000001,2015-12-08,c3c60c29-a35e-4ab4-b0dc-ba4b8aa6be6c,LS MTRON LTD.,3,2015,15
14962323,10000001,2015-12-08,c3c60c29-a35e-4ab4-b0dc-ba4b8aa6be6c,LS MTRON LTD.,3,2015,16
14962323,10000001,2015-12-08,c3c60c29-a35e-4ab4-b0dc-ba4b8aa6be6c,LS MTRON LTD.,3,2015,17
15107519,10000002,2014-12-30,328ad410-3fe2-4111-a37f-3fe426109efa,"Kolon Industries, Inc.",3,2014,18
15107519,10000002,2014-12-30,328ad410-3fe2-4111-a37f-3fe426109efa,"Kolon Industries, Inc.",3,2014,19
15107519,10000002,2014-12-30,328ad410-3fe2-4111-a37f-3fe426109efa,"Kolon Industries, Inc.",3,2014,20
15107519,10000002,2014-12-30,328ad410-3fe2-4111-a37f-3fe426109efa,"Kolon Industries, Inc.",3,2014,21
15107519,10000002,2014-12-30,328ad410-3fe2-4111-a37f-3fe426109efa,"Kolon Industries, Inc.",3,2014,22
15107519,10000002,2014-12-30,328ad410-3fe2-4111-a37f-3fe426109efa,"Kolon Industries, Inc.",3,2014,23
15107519,10000002,2014-12-30,328ad410-3fe2-4111-a37f-3fe426109efa,"Kolon Industries, Inc.",3,2014,24
15107519,10000002,2014-12-30,328ad410-3fe2-4111-a37f-3fe426109efa,"Kolon Industries, Inc.",3,2014,25
15107519,10000002,2014-12-30,328ad410-3fe2-4111-a37f-3fe426109efa,"Kolon Industries, Inc.",3,2014,26
15107519,10000002,2014-12-30,328ad410-3fe2-4111-a37f-3fe426109efa,"Kolon Industries, Inc.",3,2014,27
15107519,10000002,2014-12-30,328ad410-3fe2-4111-a37f-3fe426109efa,"Kolon Industries, Inc.",3,2014,28
15107519,10000002,2014-12-30,328ad410-3fe2-4111-a37f-3fe426109efa,"Kolon Industries, Inc.",3,2014,29
15107519,10000002,2014-12-30,328ad410-3fe2-4111-a37f-3fe426109efa,"Kolon Industries, Inc.",3,2014,30
15107519,10000002,2014-12-30,328ad410-3fe2-4111-a37f-3fe426109efa,"Kolon Industries, Inc.",3,2014,31
15107519,10000002,2014-12-30,328ad410-3fe2-4111-a37f-3fe426109efa,"Kolon Industries, Inc.",3,2014,32
15107519,10000002,2014-12-30,328ad410-3fe2-4111-a37f-3fe426109efa,"Kolon Industries, Inc.",3,2014,33
15107519,10000002,2014-12-30,328ad410-3fe2-4111-a37f-3fe426109efa,"Kolon Industries, Inc.",3,2014,34
15107519,10000002,2014-12-30,328ad410-3fe2-4111-a37f-3fe426109efa,"Kolon Industries, Inc.",3,2014,35
15107519,10000002,2014-12-30,328ad410-3fe2-4111-a37f-3fe426109efa,"Kolon Industries, Inc.",3,2014,36
15107519,10000002,2014-12-30,328ad410-3fe2-4111-a37f-3fe426109efa,"Kolon Industries, Inc.",3,2014,37
15107519,10000002,2014-12-30,328ad410-3fe2-4111-a37f-3fe426109efa,"Kolon Industries, Inc.",3,2014,38
15107519,10000002,2014-12-30,328ad410-3fe2-4111-a37f-3fe426109efa,"Kolon Industries, Inc.",3,2014,39
15107519,10000002,2014-12-30,328ad410-3fe2-4111-a37f-3fe426109efa,"Kolon Industries, Inc.",3,2014,40
15107519,10000002,2014-12-30,328ad410-3fe2-4111-a37f-3fe426109efa,"Kolon Industries, Inc.",3,2014,41
15107519,10000002,2014-12-30,328ad410-3fe2-4111-a37f-3fe426109efa,"Kolon Industries, Inc.",3,2014,42
15107519,10000002,2014-12-30,328ad410-3fe2-4111-a37f-3fe426109efa,"Kolon Industries, Inc.",3,2014,43
15107519,10000002,2014-12-30,328ad410-3fe2-4111-a37f-3fe426109efa,"Kolon Industries, Inc.",3,2014,44
15107519,10000002,2014-12-30,328ad410-3fe2-4111-a37f-3fe426109efa,"Kolon Industries, Inc.",3,2014,45
15107519,10000002,2014-12-30,328ad410-3fe2-4111-a37f-3fe426109efa,"Kolon Industries, Inc.",3,2014,46
15107519,10000002,2014-12-30,328ad410-3fe2-4111-a37f-3fe426109efa,"Kolon Industries, Inc.",3,2014,47
15107519,10000002,2014-12-30,328ad410-3fe2-4111-a37f-3fe426109efa,"Kolon Industries, Inc.",3,2014,48
15107519,10000002,2014-12-30,328ad410-3fe2-4111-a37f-3fe426109efa,"Kolon Industries, Inc.",3,2014,49
15107519,10000002,2014-12-30,328ad410-3fe2-4111-a37f-3fe426109efa,"Kolon Industries, Inc.",3,2014,50
15107519,10000002,2014-12-30,328ad410-3fe2-4111-a37f-3fe426109efa,"Kolon Industries, Inc.",3,2014,51
15107519,10000002,2014-12-30,328ad410-3fe2-4111-a37f-3fe426109efa,"Kolon Industries, Inc.",3,2014,52
15107519,10000002,2014-12-30,328ad410-3fe2-4111-a37f-3fe426109efa,"Kolon Industries, Inc.",3,2014,53
15107519,10000002,2014-12-30,328ad410-3fe2-4111-a37f-3fe426109efa,"Kolon Industries, Inc.",3,2014,54
15107519,10000002,2014-12-30,328ad410-3fe2-4111-a37f-3fe426109efa,"Kolon Industries, Inc.",3,2014,55
15107519,10000002,2014-12-30,328ad410-3fe2-4111-a37f-3fe426109efa,"Kolon Industries, Inc.",3,2014,56
14437961,10000003,2013-03-12,a4db7043-92e2-44fa-abd6-ce71d46b7c4f,KAUTEX TEXTRON GmbH & Co. KG,3,2013,57
14437961,10000003,2013-03-12,a4db7043-92e2-44fa-abd6-ce71d46b7c4f,KAUTEX TEXTRON GmbH & Co. KG,3,2013,58
14437961,10000003,2013-03-12,a4db7043-92e2-44fa-abd6-ce71d46b7c4f,KAUTEX TEXTRON GmbH & Co. KG,3,2013,59
14437961,10000003,2013-03-12,a4db7043-92e2-44fa-abd6-ce71d46b7c4f,KAUTEX TEXTRON GmbH & Co. KG,3,2013,60
14437961,10000003,2013-03-12,a4db7043-92e2-44fa-abd6-ce71d46b7c4f,KAUTEX TEXTRON GmbH & Co. KG,3,2013,61
14437961,10000003,2013-03-12,a4db7043-92e2-44fa-abd6-ce71d46b7c4f,KAUTEX TEXTRON GmbH & Co. KG,3,2013,62
14437961,10000003,2013-03-12,a4db7043-92e2-44fa-abd6-ce71d46b7c4f,KAUTEX TEXTRON GmbH & Co. KG,3,2013,63
14437961,10000003,2013-03-12,a4db7043-92e2-44fa-abd6-ce71d46b7c4f,KAUTEX TEXTRON GmbH & Co. KG,3,2013,64
14437961,10000003,2013-03-12,a4db7043-92e2-44fa-abd6-ce71d46b7c4f,KAUTEX TEXTRON GmbH & Co. KG,3,2013,65
14437961,10000003,2013-03-12,a4db7043-92e2-44fa-abd6-ce71d46b7c4f,KAUTEX TEXTRON GmbH & Co. KG,3,2013,66
14437961,10000003,2013-03-12,a4db7043-92e2-44fa-abd6-ce71d46b7c4f,KAUTEX TEXTRON GmbH & Co. KG,3,2013,67
14973198,10000004,2015-12-17,99ba009f-7344-416d-a9af-9ded12a81973,ZUBEX INDUSTRIAL SA DE CV,3,2015,68
14973198,10000004,2015-12-17,99ba009f-7344-416d-a9af-9ded12a81973,ZUBEX INDUSTRIAL SA DE CV,3,2015,69
14973198,10000004,2015-12-17,99ba009f-7344-416d-a9af-9ded12a81973,ZUBEX INDUSTRIAL SA DE CV,3,2015,70
14973198,10000004,2015-12-17,99ba009f-7344-416d-a9af-9ded12a81973,ZUBEX INDUSTRIAL SA DE CV,3,2015,71
14973198,10000004,2015-12-17,99ba009f-7344-416d-a9af-9ded12a81973,ZUBEX INDUSTRIAL SA DE CV,3,2015,72
14973198,10000004,2015-12-17,99ba009f-7344-416d-a9af-9ded12a81973,ZUBEX INDUSTRIAL SA DE CV,3,2015,73
14973198,10000004,2015-12-17,99ba009f-7344-416d-a9af-9ded12a81973,ZUBEX INDUSTRIAL SA DE CV,3,2015,74
14973198,10000004,2015-12-17,99ba009f-7344-416d-a9af-9ded12a81973,ZUBEX INDUSTRIAL SA DE CV,3,2015,75
14973198,10000004,2015-12-17,99ba009f-7344-416d-a9af-9ded12a81973,ZUBEX INDUSTRIAL SA DE CV,3,2015,76
14973198,10000004,2015-12-17,99ba009f-7344-416d-a9af-9ded12a81973,ZUBEX INDUSTRIAL SA DE CV,3,2015,77
14973198,10000004,2015-12-17,99ba009f-7344-416d-a9af-9ded12a81973,ZUBEX INDUSTRIAL SA DE CV,3,2015,78
14973198,10000004,2015-12-17,99ba009f-7344-416d-a9af-9ded12a81973,ZUBEX INDUSTRIAL SA DE CV,3,2015,79
14973198,10000004,2015-12-17,99ba009f-7344-416d-a9af-9ded12a81973,ZUBEX INDUSTRIAL SA DE CV,3,2015,80
14973198,10000004,2015-12-17,99ba009f-7344-416d-a9af-9ded12a81973,ZUBEX INDUSTRIAL SA DE CV,3,2015,81
14973198,10000004,2015-12-17,99ba009f-7344-416d-a9af-9ded12a81973,ZUBEX INDUSTRIAL SA DE CV,3,2015,82
14973198,10000004,2015-12-17,99ba009f-7344-416d-a9af-9ded12a81973,ZUBEX INDUSTRIAL SA DE CV,3,2015,83
14973198,10000004,2015-12-17,99ba009f-7344-416d-a9af-9ded12a81973,ZUBEX INDUSTRIAL SA DE CV,3,2015,84
14973198,10000004,2015-12-17,99ba009f-7344-416d-a9af-9ded12a81973,ZUBEX INDUSTRIAL SA DE CV,3,2015,85
14973198,10000004,2015-12-17,99ba009f-7344-416d-a9af-9ded12a81973,ZUBEX INDUSTRIAL SA DE CV,3,2015,86
14973198,10000004,2015-12-17,99ba009f-7344-416d-a9af-9ded12a81973,ZUBEX INDUSTRIAL SA DE CV,3,2015,87
14973198,10000004,2015-12-17,99ba009f-7344-416d-a9af-9ded12a81973,ZUBEX INDUSTRIAL SA DE CV,3,2015,88
14973198,10000004,2015-12-17,99ba009f-7344-416d-a9af-9ded12a81973,ZUBEX INDUSTRIAL SA DE CV,3,2015,89
14973198,10000004,2015-12-17,99ba009f-7344-416d-a9af-9ded12a81973,ZUBEX INDUSTRIAL SA DE CV,3,2015,90
14973198,10000004,2015-12-17,99ba009f-7344-416d-a9af-9ded12a81973,ZUBEX INDUSTRIAL SA DE CV,3,2015,91
14973198,10000004,2015-12-17,99ba009f-7344-416d-a9af-9ded12a81973,ZUBEX INDUSTRIAL SA DE CV,3,2015,92
14123354,10000005,2012-08-03,6bc54039-14db-4518-80c0-a4ca1cc34a6d,TOYOTA SHATAI KABUSHIKI KAISHA,3,2012,93
14123354,10000005,2012-08-03,6bc54039-14db-4518-80c0-a4ca1cc34a6d,TOYOTA SHATAI KABUSHIKI KAISHA,3,2012,94
14123354,10000005,2012-08-03,6bc54039-14db-4518-80c0-a4ca1cc34a6d,TOYOTA SHATAI KABUSHIKI KAISHA,3,2012,95
14123354,10000005,2012-08-03,6bc54039-14db-4518-80c0-a4ca1cc34a6d,TOYOTA SHATAI KABUSHIKI KAISHA,3,2012,96
14123354,10000005,2012-08-03,6bc54039-14db-4518-80c0-a4ca1cc34a6d,TOYOTA SHATAI KABUSHIKI KAISHA,3,2012,97
14123354,10000005,2012-08-03,6bc54039-14db-4518-80c0-a4ca1cc34a6d,TOYOTA SHATAI KABUSHIKI KAISHA,3,2012,98
14123354,10000005,2012-08-03,6bc54039-14db-4518-80c0-a4ca1cc34a6d,TOYOTA SHATAI KABUSHIKI KAISHA,3,2012,99
14123354,10000005,2012-08-03,6bc54039-14db-4518-80c0-a4ca1cc34a6d,TOYOTA SHATAI KABUSHIKI KAISHA,3,2012,100
14734322,10000006,2015-06-09,2bd0f205-69d3-43eb-89c3-d1f46ed782f4,REYDEL AUTOMOTIVE B.V.,3,2015,101
14734322,10000006,2015-06-09,2bd0f205-69d3-43eb-89c3-d1f46ed782f4,REYDEL AUTOMOTIVE B.V.,3,2015,102
14734322,10000006,2015-06-09,2bd0f205-69d3-43eb-89c3-d1f46ed782f4,REYDEL AUTOMOTIVE B.V.,3,2015,103
14734322,10000006,2015-06-09,2bd0f205-69d3-43eb-89c3-d1f46ed782f4,REYDEL AUTOMOTIVE B.V.,3,2015,104
14734322,10000006,2015-06-09,2bd0f205-69d3-43eb-89c3-d1f46ed782f4,REYDEL AUTOMOTIVE B.V.,3,2015,105
14734322,10000006,2015-06-09,2bd0f205-69d3-43eb-89c3-d1f46ed782f4,REYDEL AUTOMOTIVE B.V.,3,2015,106
14734322,10000006,2015-06-09,2bd0f205-69d3-43eb-89c3-d1f46ed782f4,REYDEL AUTOMOTIVE B.V.,3,2015,107
14734322,10000006,2015-06-09,2bd0f205-69d3-43eb-89c3-d1f46ed782f4,REYDEL AUTOMOTIVE B.V.,3,2015,108
14734322,10000006,2015-06-09,2bd0f205-69d3-43eb-89c3-d1f46ed782f4,REYDEL AUTOMOTIVE B.V.,3,2015,109
14734322,10000006,2015-06-09,2bd0f205-69d3-43eb-89c3-d1f46ed782f4,REYDEL AUTOMOTIVE B.V.,3,2015,110
14734322,10000006,2015-06-09,2bd0f205-69d3-43eb-89c3-d1f46ed782f4,REYDEL AUTOMOTIVE B.V.,3,2015,111
15178786,10000007,2016-06-10,53c6dd2f-a548-43b1-a5cb-06e6978dbd1c,Milwaukee Electric Tool Corporation,2,2016,112
15178786,10000007,2016-06-10,53c6dd2f-a548-43b1-a5cb-06e6978dbd1c,Milwaukee Electric Tool Corporation,2,2016,113
15178786,10000007,2016-06-10,53c6dd2f-a548-43b1-a5cb-06e6978dbd1c,Milwaukee Electric Tool Corporation,2,2016,114
14556557,10000008,2014-12-01,488cc41f-1ca9-4824-92bb-9128e3be19c1,"Alex Toys, LLC",2,2014,115
14556557,10000008,2014-12-01,488cc41f-1ca9-4824-92bb-9128e3be19c1,"Alex Toys, LLC",2,2014,116
14556557,10000008,2014-12-01,488cc41f-1ca9-4824-92bb-9128e3be19c1,"Alex Toys, LLC",2,2014,117
14556557,10000008,2014-12-01,488cc41f-1ca9-4824-92bb-9128e3be19c1,"Alex Toys, LLC",2,2014,118
14556557,10000008,2014-12-01,488cc41f-1ca9-4824-92bb-9128e3be19c1,"Alex Toys, LLC",2,2014,119
14556557,10000008,2014-12-01,488cc41f-1ca9-4824-92bb-9128e3be19c1,"Alex Toys, LLC",2,2014,120
14556557,10000008,2014-12-01,488cc41f-1ca9-4824-92bb-9128e3be19c1,"Alex Toys, LLC",2,2014,121
14556557,10000008,2014-12-01,488cc41f-1ca9-4824-92bb-9128e3be19c1,"Alex Toys, LLC",2,2014,122
14556557,10000008,2014-12-01,488cc41f-1ca9-4824-92bb-9128e3be19c1,"Alex Toys, LLC",2,2014,123
14556557,10000008,2014-12-01,488cc41f-1ca9-4824-92bb-9128e3be19c1,"Alex Toys, LLC",2,2014,124
14556557,10000008,2014-12-01,488cc41f-1ca9-4824-92bb-9128e3be19c1,"Alex Toys, LLC",2,2014,125
15196217,10000010,2016-06-29,a1c32670-b276-44f4-99f5-d9c5163cf7b3,Xerox Corporation,2,2016,126
15196217,10000010,2016-06-29,a1c32670-b276-44f4-99f5-d9c5163cf7b3,Xerox Corporation,2,2016,127
15196217,10000010,2016-06-29,a1c32670-b276-44f4-99f5-d9c5163cf7b3,Xerox Corporation,2,2016,128
15196217,10000010,2016-06-29,a1c32670-b276-44f4-99f5-d9c5163cf7b3,Xerox Corporation,2,2016,129
15196217,10000010,2016-06-29,a1c32670-b276-44f4-99f5-d9c5163cf7b3,Xerox Corporation,2,2016,130
15196217,10000010,2016-06-29,a1c32670-b276-44f4-99f5-d9c5163cf7b3,Xerox Corporation,2,2016,131
15196217,10000010,2016-06-29,a1c32670-b276-44f4-99f5-d9c5163cf7b3,Xerox Corporation,2,2016,132
15196217,10000010,2016-06-29,a1c32670-b276-44f4-99f5-d9c5163cf7b3,Xerox Corporation,2,2016,133
15196217,10000010,2016-06-29,a1c32670-b276-44f4-99f5-d9c5163cf7b3,Xerox Corporation,2,2016,134
15196217,10000010,2016-06-29,a1c32670-b276-44f4-99f5-d9c5163cf7b3,Xerox Corporation,2,2016,135
15196217,10000010,2016-06-29,a1c32670-b276-44f4-99f5-d9c5163cf7b3,Xerox Corporation,2,2016,136
15196217,10000010,2016-06-29,a1c32670-b276-44f4-99f5-d9c5163cf7b3,Xerox Corporation,2,2016,137
15196217,10000010,2016-06-29,a1c32670-b276-44f4-99f5-d9c5163cf7b3,Xerox Corporation,2,2016,138
15722445,10000011,2017-10-02,c7c934ff-da4c-468e-b6b6-0f8135e3530f,"Markforged, Inc.",2,2017,139
15722445,10000011,2017-10-02,c7c934ff-da4c-468e-b6b6-0f8135e3530f,"Markforged, Inc.",2,2017,140
15722445,10000011,2017-10-02,c7c934ff-da4c-468e-b6b6-0f8135e3530f,"Markforged, Inc.",2,2017,141
15722445,10000011,2017-10-02,c7c934ff-da4c-468e-b6b6-0f8135e3530f,"Markforged, Inc.",2,2017,142
15722445,10000011,2017-10-02,c7c934ff-da4c-468e-b6b6-0f8135e3530f,"Markforged, Inc.",2,2017,143
15722445,10000011,2017-10-02,c7c934ff-da4c-468e-b6b6-0f8135e3530f,"Markforged, Inc.",2,2017,144
15722445,10000011,2017-10-02,c7c934ff-da4c-468e-b6b6-0f8135e3530f,"Markforged, Inc.",2,2017,145
15722445,10000011,2017-10-02,c7c934ff-da4c-468e-b6b6-0f8135e3530f,"Markforged, Inc.",2,2017,146
15722445,10000011,2017-10-02,c7c934ff-da4c-468e-b6b6-0f8135e3530f,"Markforged, Inc.",2,2017,147
15722445,10000011,2017-10-02,c7c934ff-da4c-468e-b6b6-0f8135e3530f,"Markforged, Inc.",2,2017,148
15722445,10000011,2017-10-02,c7c934ff-da4c-468e-b6b6-0f8135e3530f,"Markforged, Inc.",2,2017,149
15722445,10000011,2017-10-02,c7c934ff-da4c-468e-b6b6-0f8135e3530f,"Markforged, Inc.",2,2017,150
15722445,10000011,2017-10-02,c7c934ff-da4c-468e-b6b6-0f8135e3530f,"Markforged, Inc.",2,2017,151
15722445,10000011,2017-10-02,c7c934ff-da4c-468e-b6b6-0f8135e3530f,"Markforged, Inc.",2,2017,152
15722445,10000011,2017-10-02,c7c934ff-da4c-468e-b6b6-0f8135e3530f,"Markforged, Inc.",2,2017,153
15722445,10000011,2017-10-02,c7c934ff-da4c-468e-b6b6-0f8135e3530f,"Markforged, Inc.",2,2017,154
15722445,10000011,2017-10-02,c7c934ff-da4c-468e-b6b6-0f8135e3530f,"Markforged, Inc.",2,2017,155
15722445,10000011,2017-10-02,c7c934ff-da4c-468e-b6b6-0f8135e3530f,"Markforged, Inc.",2,2017,156
14906938,10000014,2014-07-17,f27b6307-6b72-4161-8e5c-3e449a3d0c6f,BASF SE,3,2014,157
14906938,10000014,2014-07-17,f27b6307-6b72-4161-8e5c-3e449a3d0c6f,BASF SE,3,2014,158
14906938,10000014,2014-07-17,f27b6307-6b72-4161-8e5c-3e449a3d0c6f,BASF SE,3,2014,159
14906938,10000014,2014-07-17,f27b6307-6b72-4161-8e5c-3e449a3d0c6f,BASF SE,3,2014,160
14906938,10000014,2014-07-17,f27b6307-6b72-4161-8e5c-3e449a3d0c6f,BASF SE,3,2014,161
14906938,10000014,2014-07-17,f27b6307-6b72-4161-8e5c-3e449a3d0c6f,BASF SE,3,2014,162
14906938,10000014,2014-07-17,f27b6307-6b72-4161-8e5c-3e449a3d0c6f,BASF SE,3,2014,163
14906938,10000014,2014-07-17,f27b6307-6b72-4161-8e5c-3e449a3d0c6f,BASF SE,3,2014,164
14906938,10000014,2014-07-17,f27b6307-6b72-4161-8e5c-3e449a3d0c6f,BASF SE,3,2014,165
14906938,10000014,2014-07-17,f27b6307-6b72-4161-8e5c-3e449a3d0c6f,BASF SE,3,2014,166
14906938,10000014,2014-07-17,f27b6307-6b72-4161-8e5c-3e449a3d0c6f,BASF SE,3,2014,167
14906938,10000014,2014-07-17,f27b6307-6b72-4161-8e5c-3e449a3d0c6f,BASF SE,3,2014,168
14906938,10000014,2014-07-17,f27b6307-6b72-4161-8e5c-3e449a3d0c6f,BASF SE,3,2014,169
14906938,10000014,2014-07-17,f27b6307-6b72-4161-8e5c-3e449a3d0c6f,BASF SE,3,2014,170
14906938,10000014,2014-07-17,f27b6307-6b72-4161-8e5c-3e449a3d0c6f,BASF SE,3,2014,171
14906938,10000014,2014-07-17,f27b6307-6b72-4161-8e5c-3e449a3d0c6f,BASF SE,3,2014,172
14906938,10000014,2014-07-17,f27b6307-6b72-4161-8e5c-3e449a3d0c6f,BASF SE,3,2014,173
14906938,10000014,2014-07-17,f27b6307-6b72-4161-8e5c-3e449a3d0c6f,BASF SE,3,2014,174
14906938,10000014,2014-07-17,f27b6307-6b72-4161-8e5c-3e449a3d0c6f,BASF SE,3,2014,175
14906938,10000014,2014-07-17,f27b6307-6b72-4161-8e5c-3e449a3d0c6f,BASF SE,3,2014,176
14906938,10000014,2014-07-17,f27b6307-6b72-4161-8e5c-3e449a3d0c6f,BASF SE,3,2014,177
14906938,10000014,2014-07-17,f27b6307-6b72-4161-8e5c-3e449a3d0c6f,BASF SE,3,2014,178
14906938,10000014,2014-07-17,f27b6307-6b72-4161-8e5c-3e449a3d0c6f,BASF SE,3,2014,179
14906938,10000014,2014-07-17,f27b6307-6b72-4161-8e5c-3e449a3d0c6f,BASF SE,3,2014,180
14906938,10000014,2014-07-17,f27b6307-6b72-4161-8e5c-3e449a3d0c6f,BASF SE,3,2014,181
14906938,10000014,2014-07-17,f27b6307-6b72-4161-8e5c-3e449a3d0c6f,BASF SE,3,2014,182
15159489,10000015,2016-05-19,a1e80fd9-07c2-4e5c-91e4-ca42507f7ad9,"SAMSUNG ELECTRONICS CO., LTD.",3,2016,183
15159489,10000015,2016-05-19,a1e80fd9-07c2-4e5c-91e4-ca42507f7ad9,"SAMSUNG ELECTRONICS CO., LTD.",3,2016,184
15159489,10000015,2016-05-19,a1e80fd9-07c2-4e5c-91e4-ca42507f7ad9,"SAMSUNG ELECTRONICS CO., LTD.",3,2016,185
15159489,10000015,2016-05-19,a1e80fd9-07c2-4e5c-91e4-ca42507f7ad9,"SAMSUNG ELECTRONICS CO., LTD.",3,2016,186
15159489,10000015,2016-05-19,a1e80fd9-07c2-4e5c-91e4-ca42507f7ad9,"SAMSUNG ELECTRONICS CO., LTD.",3,2016,187
15159489,10000015,2016-05-19,a1e80fd9-07c2-4e5c-91e4-ca42507f7ad9,"SAMSUNG ELECTRONICS CO., LTD.",3,2016,188
15159489,10000015,2016-05-19,a1e80fd9-07c2-4e5c-91e4-ca42507f7ad9,"SAMSUNG ELECTRONICS CO., LTD.",3,2016,189
15294450,10000016,2016-10-14,c564ede4-8ddf-401c-964d-bafb13a7c083,"EXTREME PACKAGING MACHINERY, INC.",2,2016,190
15294450,10000016,2016-10-14,c564ede4-8ddf-401c-964d-bafb13a7c083,"EXTREME PACKAGING MACHINERY, INC.",2,2016,191
15294450,10000016,2016-10-14,c564ede4-8ddf-401c-964d-bafb13a7c083,"EXTREME PACKAGING MACHINERY, INC.",2,2016,192
15294450,10000016,2016-10-14,c564ede4-8ddf-401c-964d-bafb13a7c083,"EXTREME PACKAGING MACHINERY, INC.",2,2016,193
15294450,10000016,2016-10-14,c564ede4-8ddf-401c-964d-bafb13a7c083,"EXTREME PACKAGING MACHINERY, INC.",2,2016,194
15294450,10000016,2016-10-14,c564ede4-8ddf-401c-964d-bafb13a7c083,"EXTREME PACKAGING MACHINERY, INC.",2,2016,195
15294450,10000016,2016-10-14,c564ede4-8ddf-401c-964d-bafb13a7c083,"EXTREME PACKAGING MACHINERY, INC.",2,2016,196
15294450,10000016,2016-10-14,c564ede4-8ddf-401c-964d-bafb13a7c083,"EXTREME PACKAGING MACHINERY, INC.",2,2016,197
15294450,10000016,2016-10-14,c564ede4-8ddf-401c-964d-bafb13a7c083,"EXTREME PACKAGING MACHINERY, INC.",2,2016,198
15294450,10000016,2016-10-14,c564ede4-8ddf-401c-964d-bafb13a7c083,"EXTREME PACKAGING MACHINERY, INC.",2,2016,199
15294450,10000016,2016-10-14,c564ede4-8ddf-401c-964d-bafb13a7c083,"EXTREME PACKAGING MACHINERY, INC.",2,2016,200
15294450,10000016,2016-10-14,c564ede4-8ddf-401c-964d-bafb13a7c083,"EXTREME PACKAGING MACHINERY, INC.",2,2016,201
15294450,10000016,2016-10-14,c564ede4-8ddf-401c-964d-bafb13a7c083,"EXTREME PACKAGING MACHINERY, INC.",2,2016,202
15294450,10000016,2016-10-14,c564ede4-8ddf-401c-964d-bafb13a7c083,"EXTREME PACKAGING MACHINERY, INC.",2,2016,203
15294450,10000016,2016-10-14,c564ede4-8ddf-401c-964d-bafb13a7c083,"EXTREME PACKAGING MACHINERY, INC.",2,2016,204
15294450,10000016,2016-10-14,c564ede4-8ddf-401c-964d-bafb13a7c083,"EXTREME PACKAGING MACHINERY, INC.",2,2016,205
15294450,10000016,2016-10-14,c564ede4-8ddf-401c-964d-bafb13a7c083,"EXTREME PACKAGING MACHINERY, INC.",2,2016,206
15294450,10000016,2016-10-14,c564ede4-8ddf-401c-964d-bafb13a7c083,"EXTREME PACKAGING MACHINERY, INC.",2,2016,207
15294450,10000016,2016-10-14,c564ede4-8ddf-401c-964d-bafb13a7c083,"EXTREME PACKAGING MACHINERY, INC.",2,2016,208
15294450,10000016,2016-10-14,c564ede4-8ddf-401c-964d-bafb13a7c083,"EXTREME PACKAGING MACHINERY, INC.",2,2016,209
15294450,10000016,2016-10-14,c564ede4-8ddf-401c-964d-bafb13a7c083,"EXTREME PACKAGING MACHINERY, INC.",2,2016,210
15294450,10000016,2016-10-14,c564ede4-8ddf-401c-964d-bafb13a7c083,"EXTREME PACKAGING MACHINERY, INC.",2,2016,211
15294450,10000016,2016-10-14,c564ede4-8ddf-401c-964d-bafb13a7c083,"EXTREME PACKAGING MACHINERY, INC.",2,2016,212
15294450,10000016,2016-10-14,c564ede4-8ddf-401c-964d-bafb13a7c083,"EXTREME PACKAGING MACHINERY, INC.",2,2016,213
15294450,10000016,2016-10-14,c564ede4-8ddf-401c-964d-bafb13a7c083,"EXTREME PACKAGING MACHINERY, INC.",2,2016,214
15294450,10000016,2016-10-14,c564ede4-8ddf-401c-964d-bafb13a7c083,"EXTREME PACKAGING MACHINERY, INC.",2,2016,215
15294450,10000016,2016-10-14,c564ede4-8ddf-401c-964d-bafb13a7c083,"EXTREME PACKAGING MACHINERY, INC.",2,2016,216
15294450,10000016,2016-10-14,c564ede4-8ddf-401c-964d-bafb13a7c083,"EXTREME PACKAGING MACHINERY, INC.",2,2016,217
15294450,10000016,2016-10-14,c564ede4-8ddf-401c-964d-bafb13a7c083,"EXTREME PACKAGING MACHINERY, INC.",2,2016,218
15294450,10000016,2016-10-14,c564ede4-8ddf-401c-964d-bafb13a7c083,"EXTREME PACKAGING MACHINERY, INC.",2,2016,219
15294450,10000016,2016-10-14,c564ede4-8ddf-401c-964d-bafb13a7c083,"EXTREME PACKAGING MACHINERY, INC.",2,2016,220
15294450,10000016,2016-10-14,c564ede4-8ddf-401c-964d-bafb13a7c083,"EXTREME PACKAGING MACHINERY, INC.",2,2016,221
15294450,10000016,2016-10-14,c564ede4-8ddf-401c-964d-bafb13a7c083,"EXTREME PACKAGING MACHINERY, INC.",2,2016,222
15294450,10000016,2016-10-14,c564ede4-8ddf-401c-964d-bafb13a7c083,"EXTREME PACKAGING MACHINERY, INC.",2,2016,223
15294450,10000016,2016-10-14,c564ede4-8ddf-401c-964d-bafb13a7c083,"EXTREME PACKAGING MACHINERY, INC.",2,2016,224
15294450,10000016,2016-10-14,c564ede4-8ddf-401c-964d-bafb13a7c083,"EXTREME PACKAGING MACHINERY, INC.",2,2016,225
15294450,10000016,2016-10-14,c564ede4-8ddf-401c-964d-bafb13a7c083,"EXTREME PACKAGING MACHINERY, INC.",2,2016,226
14820696,10000017,2015-08-07,d750d9ae-1d7e-4f9a-b3f0-d5fc2f2cd368,Senvion GmbH,3,2015,227
14820696,10000017,2015-08-07,d750d9ae-1d7e-4f9a-b3f0-d5fc2f2cd368,Senvion GmbH,3,2015,228
14820696,10000017,2015-08-07,d750d9ae-1d7e-4f9a-b3f0-d5fc2f2cd368,Senvion GmbH,3,2015,229
14820696,10000017,2015-08-07,d750d9ae-1d7e-4f9a-b3f0-d5fc2f2cd368,Senvion GmbH,3,2015,230
14820696,10000017,2015-08-07,d750d9ae-1d7e-4f9a-b3f0-d5fc2f2cd368,Senvion GmbH,3,2015,231
14820696,10000017,2015-08-07,d750d9ae-1d7e-4f9a-b3f0-d5fc2f2cd368,Senvion GmbH,3,2015,232
14820696,10000017,2015-08-07,d750d9ae-1d7e-4f9a-b3f0-d5fc2f2cd368,Senvion GmbH,3,2015,233
14820696,10000017,2015-08-07,d750d9ae-1d7e-4f9a-b3f0-d5fc2f2cd368,Senvion GmbH,3,2015,234
14820696,10000017,2015-08-07,d750d9ae-1d7e-4f9a-b3f0-d5fc2f2cd368,Senvion GmbH,3,2015,235
14820696,10000017,2015-08-07,d750d9ae-1d7e-4f9a-b3f0-d5fc2f2cd368,Senvion GmbH,3,2015,236
14820696,10000017,2015-08-07,d750d9ae-1d7e-4f9a-b3f0-d5fc2f2cd368,Senvion GmbH,3,2015,237
14820696,10000017,2015-08-07,d750d9ae-1d7e-4f9a-b3f0-d5fc2f2cd368,Senvion GmbH,3,2015,238
14820696,10000017,2015-08-07,d750d9ae-1d7e-4f9a-b3f0-d5fc2f2cd368,Senvion GmbH,3,2015,239
14820696,10000017,2015-08-07,d750d9ae-1d7e-4f9a-b3f0-d5fc2f2cd368,Senvion GmbH,3,2015,240
14820696,10000017,2015-08-07,d750d9ae-1d7e-4f9a-b3f0-d5fc2f2cd368,Senvion GmbH,3,2015,241
14820696,10000017,2015-08-07,d750d9ae-1d7e-4f9a-b3f0-d5fc2f2cd368,Senvion GmbH,3,2015,242
14820696,10000017,2015-08-07,d750d9ae-1d7e-4f9a-b3f0-d5fc2f2cd368,Senvion GmbH,3,2015,243
14820696,10000017,2015-08-07,d750d9ae-1d7e-4f9a-b3f0-d5fc2f2cd368,Senvion GmbH,3,2015,244
14820696,10000017,2015-08-07,d750d9ae-1d7e-4f9a-b3f0-d5fc2f2cd368,Senvion GmbH,3,2015,245
14820696,10000017,2015-08-07,d750d9ae-1d7e-4f9a-b3f0-d5fc2f2cd368,Senvion GmbH,3,2015,246
14820696,10000017,2015-08-07,d750d9ae-1d7e-4f9a-b3f0-d5fc2f2cd368,Senvion GmbH,3,2015,247
14820696,10000017,2015-08-07,d750d9ae-1d7e-4f9a-b3f0-d5fc2f2cd368,Senvion GmbH,3,2015,248
15148543,10000018,2016-05-06,fff7e330-d948-44ea-adb7-7fa33d1ede3b,Apple Inc.,2,2016,249
15148543,10000018,2016-05-06,fff7e330-d948-44ea-adb7-7fa33d1ede3b,Apple Inc.,2,2016,250
15148543,10000018,2016-05-06,fff7e330-d948-44ea-adb7-7fa33d1ede3b,Apple Inc.,2,2016,251
15148543,10000018,2016-05-06,fff7e330-d948-44ea-adb7-7fa33d1ede3b,Apple Inc.,2,2016,252
15148543,10000018,2016-05-06,fff7e330-d948-44ea-adb7-7fa33d1ede3b,Apple Inc.,2,2016,253
15148543,10000018,2016-05-06,fff7e330-d948-44ea-adb7-7fa33d1ede3b,Apple Inc.,2,2016,254
15148543,10000018,2016-05-06,fff7e330-d948-44ea-adb7-7fa33d1ede3b,Apple Inc.,2,2016,255
15148543,10000018,2016-05-06,fff7e330-d948-44ea-adb7-7fa33d1ede3b,Apple Inc.,2,2016,256
15148543,10000018,2016-05-06,fff7e330-d948-44ea-adb7-7fa33d1ede3b,Apple Inc.,2,2016,257
15148543,10000018,2016-05-06,fff7e330-d948-44ea-adb7-7fa33d1ede3b,Apple Inc.,2,2016,258
15148543,10000018,2016-05-06,fff7e330-d948-44ea-adb7-7fa33d1ede3b,Apple Inc.,2,2016,259
15148543,10000018,2016-05-06,fff7e330-d948-44ea-adb7-7fa33d1ede3b,Apple Inc.,2,2016,260
15148543,10000018,2016-05-06,fff7e330-d948-44ea-adb7-7fa33d1ede3b,Apple Inc.,2,2016,261
15148543,10000018,2016-05-06,fff7e330-d948-44ea-adb7-7fa33d1ede3b,Apple Inc.,2,2016,262
15148543,10000018,2016-05-06,fff7e330-d948-44ea-adb7-7fa33d1ede3b,Apple Inc.,2,2016,263
15148543,10000018,2016-05-06,fff7e330-d948-44ea-adb7-7fa33d1ede3b,Apple Inc.,2,2016,264
15148543,10000018,2016-05-06,fff7e330-d948-44ea-adb7-7fa33d1ede3b,Apple Inc.,2,2016,265
15148543,10000018,2016-05-06,fff7e330-d948-44ea-adb7-7fa33d1ede3b,Apple Inc.,2,2016,266
15148543,10000018,2016-05-06,fff7e330-d948-44ea-adb7-7fa33d1ede3b,Apple Inc.,2,2016,267
15094422,10000019,2016-04-08,1162b386-7160-4dc8-a3fc-a403608c2694,The Boeing Company,2,2016,268
15094422,10000019,2016-04-08,1162b386-7160-4dc8-a3fc-a403608c2694,The Boeing Company,2,2016,269
15094422,10000019,2016-04-08,1162b386-7160-4dc8-a3fc-a403608c2694,The Boeing Company,2,2016,270
15094422,10000019,2016-04-08,1162b386-7160-4dc8-a3fc-a403608c2694,The Boeing Company,2,2016,271
15094422,10000019,2016-04-08,1162b386-7160-4dc8-a3fc-a403608c2694,The Boeing Company,2,2016,272
15094422,10000019,2016-04-08,1162b386-7160-4dc8-a3fc-a403608c2694,The Boeing Company,2,2016,273
15094422,10000019,2016-04-08,1162b386-7160-4dc8-a3fc-a403608c2694,The Boeing Company,2,2016,274
15094422,10000019,2016-04-08,1162b386-7160-4dc8-a3fc-a403608c2694,The Boeing Company,2,2016,275
15094422,10000019,2016-04-08,1162b386-7160-4dc8-a3fc-a403608c2694,The Boeing Company,2,2016,276
15094422,10000019,2016-04-08,1162b386-7160-4dc8-a3fc-a403608c2694,The Boeing Company,2,2016,277
15094422,10000019,2016-04-08,1162b386-7160-4dc8-a3fc-a403608c2694,The Boeing Company,2,2016,278
15094422,10000019,2016-04-08,1162b386-7160-4dc8-a3fc-a403608c2694,The Boeing Company,2,2016,279
15094422,10000019,2016-04-08,1162b386-7160-4dc8-a3fc-a403608c2694,The Boeing Company,2,2016,280
15094422,10000019,2016-04-08,1162b386-7160-4dc8-a3fc-a403608c2694,The Boeing Company,2,2016,281
15094422,10000019,2016-04-08,1162b386-7160-4dc8-a3fc-a403608c2694,The Boeing Company,2,2016,282
15094422,10000019,2016-04-08,1162b386-7160-4dc8-a3fc-a403608c2694,The Boeing Company,2,2016,283
15094422,10000019,2016-04-08,1162b386-7160-4dc8-a3fc-a403608c2694,The Boeing Company,2,2016,284
15094422,10000019,2016-04-08,1162b386-7160-4dc8-a3fc-a403608c2694,The Boeing Company,2,2016,285
15094422,10000019,2016-04-08,1162b386-7160-4dc8-a3fc-a403608c2694,The Boeing Company,2,2016,286
15094422,10000019,2016-04-08,1162b386-7160-4dc8-a3fc-a403608c2694,The Boeing Company,2,2016,287
15094422,10000019,2016-04-08,1162b386-7160-4dc8-a3fc-a403608c2694,The Boeing Company,2,2016,288
15094422,10000019,2016-04-08,1162b386-7160-4dc8-a3fc-a403608c2694,The Boeing Company,2,2016,289
15094422,10000019,2016-04-08,1162b386-7160-4dc8-a3fc-a403608c2694,The Boeing Company,2,2016,290
15094422,10000019,2016-04-08,1162b386-7160-4dc8-a3fc-a403608c2694,The Boeing Company,2,2016,291
15094422,10000019,2016-04-08,1162b386-7160-4dc8-a3fc-a403608c2694,The Boeing Company,2,2016,292
15094422,10000019,2016-04-08,1162b386-7160-4dc8-a3fc-a403608c2694,The Boeing Company,2,2016,293
15094422,10000019,2016-04-08,1162b386-7160-4dc8-a3fc-a403608c2694,The Boeing Company,2,2016,294
15094422,10000019,2016-04-08,1162b386-7160-4dc8-a3fc-a403608c2694,The Boeing Company,2,2016,295
15094422,10000019,2016-04-08,1162b386-7160-4dc8-a3fc-a403608c2694,The Boeing Company,2,2016,296
14880683,10000020,2015-10-12,a1c32670-b276-44f4-99f5-d9c5163cf7b3,Xerox Corporation,2,2015,297
14880683,10000020,2015-10-12,a1c32670-b276-44f4-99f5-d9c5163cf7b3,Xerox Corporation,2,2015,298
14880683,10000020,2015-10-12,a1c32670-b276-44f4-99f5-d9c5163cf7b3,Xerox Corporation,2,2015,299
14880683,10000020,2015-10-12,a1c32670-b276-44f4-99f5-d9c5163cf7b3,Xerox Corporation,2,2015,300
14880683,10000020,2015-10-12,a1c32670-b276-44f4-99f5-d9c5163cf7b3,Xerox Corporation,2,2015,301
14880683,10000020,2015-10-12,a1c32670-b276-44f4-99f5-d9c5163cf7b3,Xerox Corporation,2,2015,302
14880683,10000020,2015-10-12,a1c32670-b276-44f4-99f5-d9c5163cf7b3,Xerox Corporation,2,2015,303
13378475,10000021,2010-06-23,e937d8a5-12d6-44fe-b41b-6d9de83b4541,"Panasonic Intellectual Property Management Co., Ltd.",3,2010,304
13378475,10000021,2010-06-23,e937d8a5-12d6-44fe-b41b-6d9de83b4541,"Panasonic Intellectual Property Management Co., Ltd.",3,2010,305
13378475,10000021,2010-06-23,e937d8a5-12d6-44fe-b41b-6d9de83b4541,"Panasonic Intellectual Property Management Co., Ltd.",3,2010,306
13378475,10000021,2010-06-23,e937d8a5-12d6-44fe-b41b-6d9de83b4541,"Panasonic Intellectual Property Management Co., Ltd.",3,2010,307
13378475,10000021,2010-06-23,e937d8a5-12d6-44fe-b41b-6d9de83b4541,"Panasonic Intellectual Property Management Co., Ltd.",3,2010,308
13378475,10000021,2010-06-23,e937d8a5-12d6-44fe-b41b-6d9de83b4541,"Panasonic Intellectual Property Management Co., Ltd.",3,2010,309
13378475,10000021,2010-06-23,e937d8a5-12d6-44fe-b41b-6d9de83b4541,"Panasonic Intellectual Property Management Co., Ltd.",3,2010,310
13378475,10000021,2010-06-23,e937d8a5-12d6-44fe-b41b-6d9de83b4541,"Panasonic Intellectual Property Management Co., Ltd.",3,2010,311
13378475,10000021,2010-06-23,e937d8a5-12d6-44fe-b41b-6d9de83b4541,"Panasonic Intellectual Property Management Co., Ltd.",3,2010,312
13378475,10000021,2010-06-23,e937d8a5-12d6-44fe-b41b-6d9de83b4541,"Panasonic Intellectual Property Management Co., Ltd.",3,2010,313
13378475,10000021,2010-06-23,e937d8a5-12d6-44fe-b41b-6d9de83b4541,"Panasonic Intellectual Property Management Co., Ltd.",3,2010,314
13705332,10000022,2012-12-05,62eb6b43-8f4a-4717-a2d7-281a8ea9a509,Hexcel Corporation,2,2012,315
13705332,10000022,2012-12-05,62eb6b43-8f4a-4717-a2d7-281a8ea9a509,Hexcel Corporation,2,2012,316
13705332,10000022,2012-12-05,62eb6b43-8f4a-4717-a2d7-281a8ea9a509,Hexcel Corporation,2,2012,317
13705332,10000022,2012-12-05,62eb6b43-8f4a-4717-a2d7-281a8ea9a509,Hexcel Corporation,2,2012,318
13705332,10000022,2012-12-05,62eb6b43-8f4a-4717-a2d7-281a8ea9a509,Hexcel Corporation,2,2012,319
13705332,10000022,2012-12-05,62eb6b43-8f4a-4717-a2d7-281a8ea9a509,Hexcel Corporation,2,2012,320
13705332,10000022,2012-12-05,62eb6b43-8f4a-4717-a2d7-281a8ea9a509,Hexcel Corporation,2,2012,321
13705332,10000022,2012-12-05,62eb6b43-8f4a-4717-a2d7-281a8ea9a509,Hexcel Corporation,2,2012,322
13705332,10000022,2012-12-05,62eb6b43-8f4a-4717-a2d7-281a8ea9a509,Hexcel Corporation,2,2012,323
13705332,10000022,2012-12-05,62eb6b43-8f4a-4717-a2d7-281a8ea9a509,Hexcel Corporation,2,2012,324
13705332,10000022,2012-12-05,62eb6b43-8f4a-4717-a2d7-281a8ea9a509,Hexcel Corporation,2,2012,325
14712561,10000023,2015-05-14,80855a94-cdd5-4796-a189-52752a1bce8b,Global Filtration Systems,2,2015,326
14712561,10000023,2015-05-14,80855a94-cdd5-4796-a189-52752a1bce8b,Global Filtration Systems,2,2015,327
14712561,10000023,2015-05-14,80855a94-cdd5-4796-a189-52752a1bce8b,Global Filtration Systems,2,2015,328
14712561,10000023,2015-05-14,80855a94-cdd5-4796-a189-52752a1bce8b,Global Filtration Systems,2,2015,329
14712561,10000023,2015-05-14,80855a94-cdd5-4796-a189-52752a1bce8b,Global Filtration Systems,2,2015,330
14712561,10000023,2015-05-14,80855a94-cdd5-4796-a189-52752a1bce8b,Global Filtration Systems,2,2015,331
14712561,10000023,2015-05-14,80855a94-cdd5-4796-a189-52752a1bce8b,Global Filtration Systems,2,2015,332
14712561,10000023,2015-05-14,80855a94-cdd5-4796-a189-52752a1bce8b,Global Filtration Systems,2,2015,333
14712561,10000023,2015-05-14,80855a94-cdd5-4796-a189-52752a1bce8b,Global Filtration Systems,2,2015,334
14588197,10000024,2014-12-31,1bc8d8f8-f694-4a9a-931e-1c8803cd8746,"SAMSUNG SDS CO., LTD.",3,2014,335
14588197,10000024,2014-12-31,1bc8d8f8-f694-4a9a-931e-1c8803cd8746,"SAMSUNG SDS CO., LTD.",3,2014,336
14588197,10000024,2014-12-31,1bc8d8f8-f694-4a9a-931e-1c8803cd8746,"SAMSUNG SDS CO., LTD.",3,2014,337
14588197,10000024,2014-12-31,1bc8d8f8-f694-4a9a-931e-1c8803cd8746,"SAMSUNG SDS CO., LTD.",3,2014,338
15076405,10000025,2016-03-21,1162b386-7160-4dc8-a3fc-a403608c2694,The Boeing Company,2,2016,339
15076405,10000025,2016-03-21,1162b386-7160-4dc8-a3fc-a403608c2694,The Boeing Company,2,2016,340
15076405,10000025,2016-03-21,1162b386-7160-4dc8-a3fc-a403608c2694,The Boeing Company,2,2016,341
15076405,10000025,2016-03-21,1162b386-7160-4dc8-a3fc-a403608c2694,The Boeing Company,2,2016,342
15076405,10000025,2016-03-21,1162b386-7160-4dc8-a3fc-a403608c2694,The Boeing Company,2,2016,343
15076405,10000025,2016-03-21,1162b386-7160-4dc8-a3fc-a403608c2694,The Boeing Company,2,2016,344
15076405,10000025,2016-03-21,1162b386-7160-4dc8-a3fc-a403608c2694,The Boeing Company,2,2016,345
15076405,10000025,2016-03-21,1162b386-7160-4dc8-a3fc-a403608c2694,The Boeing Company,2,2016,346
15076405,10000025,2016-03-21,1162b386-7160-4dc8-a3fc-a403608c2694,The Boeing Company,2,2016,347
15076405,10000025,2016-03-21,1162b386-7160-4dc8-a3fc-a403608c2694,The Boeing Company,2,2016,348
15076405,10000025,2016-03-21,1162b386-7160-4dc8-a3fc-a403608c2694,The Boeing Company,2,2016,349
15076405,10000025,2016-03-21,1162b386-7160-4dc8-a3fc-a403608c2694,The Boeing Company,2,2016,350
15076405,10000025,2016-03-21,1162b386-7160-4dc8-a3fc-a403608c2694,The Boeing Company,2,2016,351
13082532,10000026,2011-04-08,1162b386-7160-4dc8-a3fc-a403608c2694,The Boeing Company,2,2011,352
13082532,10000026,2011-04-08,1162b386-7160-4dc8-a3fc-a403608c2694,The Boeing Company,2,2011,353
13082532,10000026,2011-04-08,1162b386-7160-4dc8-a3fc-a403608c2694,The Boeing Company,2,2011,354
13082532,10000026,2011-04-08,1162b386-7160-4dc8-a3fc-a403608c2694,The Boeing Company,2,2011,355
13082532,10000026,2011-04-08,1162b386-7160-4dc8-a3fc-a403608c2694,The Boeing Company,2,2011,356
13082532,10000026,2011-04-08,1162b386-7160-4dc8-a3fc-a403608c2694,The Boeing Company,2,2011,357
14643706,10000027,2015-03-10,a9cf3dd0-4ecd-47a6-b83f-3a777d798537,Krones Aktiengellschaft,3,2015,358
14643706,10000027,2015-03-10,a9cf3dd0-4ecd-47a6-b83f-3a777d798537,Krones Aktiengellschaft,3,2015,359
14643706,10000027,2015-03-10,a9cf3dd0-4ecd-47a6-b83f-3a777d798537,Krones Aktiengellschaft,3,2015,360
14643706,10000027,2015-03-10,a9cf3dd0-4ecd-47a6-b83f-3a777d798537,Krones Aktiengellschaft,3,2015,361
14643706,10000027,2015-03-10,a9cf3dd0-4ecd-47a6-b83f-3a777d798537,Krones Aktiengellschaft,3,2015,362
14643706,10000027,2015-03-10,a9cf3dd0-4ecd-47a6-b83f-3a777d798537,Krones Aktiengellschaft,3,2015,363
14643706,10000027,2015-03-10,a9cf3dd0-4ecd-47a6-b83f-3a777d798537,Krones Aktiengellschaft,3,2015,364
14643706,10000027,2015-03-10,a9cf3dd0-4ecd-47a6-b83f-3a777d798537,Krones Aktiengellschaft,3,2015,365
14643706,10000027,2015-03-10,a9cf3dd0-4ecd-47a6-b83f-3a777d798537,Krones Aktiengellschaft,3,2015,366
14643706,10000027,2015-03-10,a9cf3dd0-4ecd-47a6-b83f-3a777d798537,Krones Aktiengellschaft,3,2015,367
14643706,10000027,2015-03-10,a9cf3dd0-4ecd-47a6-b83f-3a777d798537,Krones Aktiengellschaft,3,2015,368
14643706,10000027,2015-03-10,a9cf3dd0-4ecd-47a6-b83f-3a777d798537,Krones Aktiengellschaft,3,2015,369
14643706,10000027,2015-03-10,a9cf3dd0-4ecd-47a6-b83f-3a777d798537,Krones Aktiengellschaft,3,2015,370
14643706,10000027,2015-03-10,a9cf3dd0-4ecd-47a6-b83f-3a777d798537,Krones Aktiengellschaft,3,2015,371
14643706,10000027,2015-03-10,a9cf3dd0-4ecd-47a6-b83f-3a777d798537,Krones Aktiengellschaft,3,2015,372
14422136,10000028,2013-08-13,15fd5cbb-6483-49b4-b6e1-851e7e1d4fca,3M INNOVATIVE PROPERTIES COMPANY,2,2013,373
14422136,10000028,2013-08-13,15fd5cbb-6483-49b4-b6e1-851e7e1d4fca,3M INNOVATIVE PROPERTIES COMPANY,2,2013,374
14422136,10000028,2013-08-13,15fd5cbb-6483-49b4-b6e1-851e7e1d4fca,3M INNOVATIVE PROPERTIES COMPANY,2,2013,375
14422136,10000028,2013-08-13,15fd5cbb-6483-49b4-b6e1-851e7e1d4fca,3M INNOVATIVE PROPERTIES COMPANY,2,2013,376
14422136,10000028,2013-08-13,15fd5cbb-6483-49b4-b6e1-851e7e1d4fca,3M INNOVATIVE PROPERTIES COMPANY,2,2013,377
14422136,10000028,2013-08-13,15fd5cbb-6483-49b4-b6e1-851e7e1d4fca,3M INNOVATIVE PROPERTIES COMPANY,2,2013,378
14422136,10000028,2013-08-13,15fd5cbb-6483-49b4-b6e1-851e7e1d4fca,3M INNOVATIVE PROPERTIES COMPANY,2,2013,379
14422136,10000028,2013-08-13,15fd5cbb-6483-49b4-b6e1-851e7e1d4fca,3M INNOVATIVE PROPERTIES COMPANY,2,2013,380
14422136,10000028,2013-08-13,15fd5cbb-6483-49b4-b6e1-851e7e1d4fca,3M INNOVATIVE PROPERTIES COMPANY,2,2013,381
14422136,10000028,2013-08-13,15fd5cbb-6483-49b4-b6e1-851e7e1d4fca,3M INNOVATIVE PROPERTIES COMPANY,2,2013,382
14422136,10000028,2013-08-13,15fd5cbb-6483-49b4-b6e1-851e7e1d4fca,3M INNOVATIVE PROPERTIES COMPANY,2,2013,383
14422136,10000028,2013-08-13,15fd5cbb-6483-49b4-b6e1-851e7e1d4fca,3M INNOVATIVE PROPERTIES COMPANY,2,2013,384
14422136,10000028,2013-08-13,15fd5cbb-6483-49b4-b6e1-851e7e1d4fca,3M INNOVATIVE PROPERTIES COMPANY,2,2013,385
14422136,10000028,2013-08-13,15fd5cbb-6483-49b4-b6e1-851e7e1d4fca,3M INNOVATIVE PROPERTIES COMPANY,2,2013,386
14422136,10000028,2013-08-13,15fd5cbb-6483-49b4-b6e1-851e7e1d4fca,3M INNOVATIVE PROPERTIES COMPANY,2,2013,387
14422136,10000028,2013-08-13,15fd5cbb-6483-49b4-b6e1-851e7e1d4fca,3M INNOVATIVE PROPERTIES COMPANY,2,2013,388
14422136,10000028,2013-08-13,15fd5cbb-6483-49b4-b6e1-851e7e1d4fca,3M INNOVATIVE PROPERTIES COMPANY,2,2013,389
14422136,10000028,2013-08-13,15fd5cbb-6483-49b4-b6e1-851e7e1d4fca,3M INNOVATIVE PROPERTIES COMPANY,2,2013,390
14422136,10000028,2013-08-13,15fd5cbb-6483-49b4-b6e1-851e7e1d4fca,3M INNOVATIVE PROPERTIES COMPANY,2,2013,391
14422136,10000028,2013-08-13,15fd5cbb-6483-49b4-b6e1-851e7e1d4fca,3M INNOVATIVE PROPERTIES COMPANY,2,2013,392
14422136,10000028,2013-08-13,15fd5cbb-6483-49b4-b6e1-851e7e1d4fca,3M INNOVATIVE PROPERTIES COMPANY,2,2013,393
14422136,10000028,2013-08-13,15fd5cbb-6483-49b4-b6e1-851e7e1d4fca,3M INNOVATIVE PROPERTIES COMPANY,2,2013,394
14422136,10000028,2013-08-13,15fd5cbb-6483-49b4-b6e1-851e7e1d4fca,3M INNOVATIVE PROPERTIES COMPANY,2,2013,395
14422136,10000028,2013-08-13,15fd5cbb-6483-49b4-b6e1-851e7e1d4fca,3M INNOVATIVE PROPERTIES COMPANY,2,2013,396
14422136,10000028,2013-08-13,15fd5cbb-6483-49b4-b6e1-851e7e1d4fca,3M INNOVATIVE PROPERTIES COMPANY,2,2013,397
14422136,10000028,2013-08-13,15fd5cbb-6483-49b4-b6e1-851e7e1d4fca,3M INNOVATIVE PROPERTIES COMPANY,2,2013,398
14422136,10000028,2013-08-13,15fd5cbb-6483-49b4-b6e1-851e7e1d4fca,3M INNOVATIVE PROPERTIES COMPANY,2,2013,399
14422136,10000028,2013-08-13,15fd5cbb-6483-49b4-b6e1-851e7e1d4fca,3M INNOVATIVE PROPERTIES COMPANY,2,2013,400
15232602,10000029,2016-08-09,a6ed28b6-d5c8-4f36-87c0-0382394da99c,"BANDO CHEMICAL INDUSTRIES, LTD.",3,2016,401
15232602,10000029,2016-08-09,a6ed28b6-d5c8-4f36-87c0-0382394da99c,"BANDO CHEMICAL INDUSTRIES, LTD.",3,2016,402
15232602,10000029,2016-08-09,a6ed28b6-d5c8-4f36-87c0-0382394da99c,"BANDO CHEMICAL INDUSTRIES, LTD.",3,2016,403
15232602,10000029,2016-08-09,a6ed28b6-d5c8-4f36-87c0-0382394da99c,"BANDO CHEMICAL INDUSTRIES, LTD.",3,2016,404
15232602,10000029,2016-08-09,a6ed28b6-d5c8-4f36-87c0-0382394da99c,"BANDO CHEMICAL INDUSTRIES, LTD.",3,2016,405
15232602,10000029,2016-08-09,a6ed28b6-d5c8-4f36-87c0-0382394da99c,"BANDO CHEMICAL INDUSTRIES, LTD.",3,2016,406
15232602,10000029,2016-08-09,a6ed28b6-d5c8-4f36-87c0-0382394da99c,"BANDO CHEMICAL INDUSTRIES, LTD.",3,2016,407
15232602,10000029,2016-08-09,a6ed28b6-d5c8-4f36-87c0-0382394da99c,"BANDO CHEMICAL INDUSTRIES, LTD.",3,2016,408
15232602,10000029,2016-08-09,a6ed28b6-d5c8-4f36-87c0-0382394da99c,"BANDO CHEMICAL INDUSTRIES, LTD.",3,2016,409
15232602,10000029,2016-08-09,a6ed28b6-d5c8-4f36-87c0-0382394da99c,"BANDO CHEMICAL INDUSTRIES, LTD.",3,2016,410
15232602,10000029,2016-08-09,a6ed28b6-d5c8-4f36-87c0-0382394da99c,"BANDO CHEMICAL INDUSTRIES, LTD.",3,2016,411
15232602,10000029,2016-08-09,a6ed28b6-d5c8-4f36-87c0-0382394da99c,"BANDO CHEMICAL INDUSTRIES, LTD.",3,2016,412
15232602,10000029,2016-08-09,a6ed28b6-d5c8-4f36-87c0-0382394da99c,"BANDO CHEMICAL INDUSTRIES, LTD.",3,2016,413
15232602,10000029,2016-08-09,a6ed28b6-d5c8-4f36-87c0-0382394da99c,"BANDO CHEMICAL INDUSTRIES, LTD.",3,2016,414
15232602,10000029,2016-08-09,a6ed28b6-d5c8-4f36-87c0-0382394da99c,"BANDO CHEMICAL INDUSTRIES, LTD.",3,2016,415
15232602,10000029,2016-08-09,a6ed28b6-d5c8-4f36-87c0-0382394da99c,"BANDO CHEMICAL INDUSTRIES, LTD.",3,2016,416
15232602,10000029,2016-08-09,a6ed28b6-d5c8-4f36-87c0-0382394da99c,"BANDO CHEMICAL INDUSTRIES, LTD.",3,2016,417
15232602,10000029,2016-08-09,a6ed28b6-d5c8-4f36-87c0-0382394da99c,"BANDO CHEMICAL INDUSTRIES, LTD.",3,2016,418
15232602,10000029,2016-08-09,a6ed28b6-d5c8-4f36-87c0-0382394da99c,"BANDO CHEMICAL INDUSTRIES, LTD.",3,2016,419
15232602,10000029,2016-08-09,a6ed28b6-d5c8-4f36-87c0-0382394da99c,"BANDO CHEMICAL INDUSTRIES, LTD.",3,2016,420
15232602,10000029,2016-08-09,a6ed28b6-d5c8-4f36-87c0-0382394da99c,"BANDO CHEMICAL INDUSTRIES, LTD.",3,2016,421
15232602,10000029,2016-08-09,a6ed28b6-d5c8-4f36-87c0-0382394da99c,"BANDO CHEMICAL INDUSTRIES, LTD.",3,2016,422
15232602,10000029,2016-08-09,a6ed28b6-d5c8-4f36-87c0-0382394da99c,"BANDO CHEMICAL INDUSTRIES, LTD.",3,2016,423
15232602,10000029,2016-08-09,a6ed28b6-d5c8-4f36-87c0-0382394da99c,"BANDO CHEMICAL INDUSTRIES, LTD.",3,2016,424
15232602,10000029,2016-08-09,a6ed28b6-d5c8-4f36-87c0-0382394da99c,"BANDO CHEMICAL INDUSTRIES, LTD.",3,2016,425
15232602,10000029,2016-08-09,a6ed28b6-d5c8-4f36-87c0-0382394da99c,"BANDO CHEMICAL INDUSTRIES, LTD.",3,2016,426
15232602,10000029,2016-08-09,a6ed28b6-d5c8-4f36-87c0-0382394da99c,"BANDO CHEMICAL INDUSTRIES, LTD.",3,2016,427
15232602,10000029,2016-08-09,a6ed28b6-d5c8-4f36-87c0-0382394da99c,"BANDO CHEMICAL INDUSTRIES, LTD.",3,2016,428
15232602,10000029,2016-08-09,a6ed28b6-d5c8-4f36-87c0-0382394da99c,"BANDO CHEMICAL INDUSTRIES, LTD.",3,2016,429
15232602,10000029,2016-08-09,a6ed28b6-d5c8-4f36-87c0-0382394da99c,"BANDO CHEMICAL INDUSTRIES, LTD.",3,2016,430
15232602,10000029,2016-08-09,a6ed28b6-d5c8-4f36-87c0-0382394da99c,"BANDO CHEMICAL INDUSTRIES, LTD.",3,2016,431
15232602,10000029,2016-08-09,a6ed28b6-d5c8-4f36-87c0-0382394da99c,"BANDO CHEMICAL INDUSTRIES, LTD.",3,2016,432
15232602,10000029,2016-08-09,a6ed28b6-d5c8-4f36-87c0-0382394da99c,"BANDO CHEMICAL INDUSTRIES, LTD.",3,2016,433
15232602,10000029,2016-08-09,a6ed28b6-d5c8-4f36-87c0-0382394da99c,"BANDO CHEMICAL INDUSTRIES, LTD.",3,2016,434
14881869,10000030,2015-10-13,f44009ae-439f-4d0d-b612-4c6d35a529b3,"TOYO TIRE & RUBBER CO., LTD.",3,2015,435
14881869,10000030,2015-10-13,f44009ae-439f-4d0d-b612-4c6d35a529b3,"TOYO TIRE & RUBBER CO., LTD.",3,2015,436
14881869,10000030,2015-10-13,f44009ae-439f-4d0d-b612-4c6d35a529b3,"TOYO TIRE & RUBBER CO., LTD.",3,2015,437
14480941,10000031,2014-09-09,7b162d1b-dd5e-4232-a5bf-f877b90800c6,CORNING INCORPORATED,2,2014,438
14480941,10000031,2014-09-09,7b162d1b-dd5e-4232-a5bf-f877b90800c6,CORNING INCORPORATED,2,2014,439
14480941,10000031,2014-09-09,7b162d1b-dd5e-4232-a5bf-f877b90800c6,CORNING INCORPORATED,2,2014,440
14480941,10000031,2014-09-09,7b162d1b-dd5e-4232-a5bf-f877b90800c6,CORNING INCORPORATED,2,2014,441
14110438,10000032,2012-04-10,9120ac4e-a146-40bf-8b70-edde19a55277,SCHULER PRESSEN GMBH,3,2012,442
14110438,10000032,2012-04-10,9120ac4e-a146-40bf-8b70-edde19a55277,SCHULER PRESSEN GMBH,3,2012,443
14110438,10000032,2012-04-10,9120ac4e-a146-40bf-8b70-edde19a55277,SCHULER PRESSEN GMBH,3,2012,444
14110438,10000032,2012-04-10,9120ac4e-a146-40bf-8b70-edde19a55277,SCHULER PRESSEN GMBH,3,2012,445
14598475,10000033,2015-01-16,f737ef8e-d78a-4908-8080-38b513fd8367,Blueavacado. Co.,2,2015,446
14598475,10000033,2015-01-16,f737ef8e-d78a-4908-8080-38b513fd8367,Blueavacado. Co.,2,2015,447
14598475,10000033,2015-01-16,f737ef8e-d78a-4908-8080-38b513fd8367,Blueavacado. Co.,2,2015,448
14598475,10000033,2015-01-16,f737ef8e-d78a-4908-8080-38b513fd8367,Blueavacado. Co.,2,2015,449
14598475,10000033,2015-01-16,f737ef8e-d78a-4908-8080-38b513fd8367,Blueavacado. Co.,2,2015,450
14598475,10000033,2015-01-16,f737ef8e-d78a-4908-8080-38b513fd8367,Blueavacado. Co.,2,2015,451
14598475,10000033,2015-01-16,f737ef8e-d78a-4908-8080-38b513fd8367,Blueavacado. Co.,2,2015,452
14598475,10000033,2015-01-16,f737ef8e-d78a-4908-8080-38b513fd8367,Blueavacado. Co.,2,2015,453
14598475,10000033,2015-01-16,f737ef8e-d78a-4908-8080-38b513fd8367,Blueavacado. Co.,2,2015,454
14598475,10000033,2015-01-16,f737ef8e-d78a-4908-8080-38b513fd8367,Blueavacado. Co.,2,2015,455
14598475,10000033,2015-01-16,f737ef8e-d78a-4908-8080-38b513fd8367,Blueavacado. Co.,2,2015,456
14598475,10000033,2015-01-16,f737ef8e-d78a-4908-8080-38b513fd8367,Blueavacado. Co.,2,2015,457
14598475,10000033,2015-01-16,f737ef8e-d78a-4908-8080-38b513fd8367,Blueavacado. Co.,2,2015,458
14598475,10000033,2015-01-16,f737ef8e-d78a-4908-8080-38b513fd8367,Blueavacado. Co.,2,2015,459
14598475,10000033,2015-01-16,f737ef8e-d78a-4908-8080-38b513fd8367,Blueavacado. Co.,2,2015,460
14598475,10000033,2015-01-16,f737ef8e-d78a-4908-8080-38b513fd8367,Blueavacado. Co.,2,2015,461
14598475,10000033,2015-01-16,f737ef8e-d78a-4908-8080-38b513fd8367,Blueavacado. Co.,2,2015,462
14598475,10000033,2015-01-16,f737ef8e-d78a-4908-8080-38b513fd8367,Blueavacado. Co.,2,2015,463
14598475,10000033,2015-01-16,f737ef8e-d78a-4908-8080-38b513fd8367,Blueavacado. Co.,2,2015,464
14598475,10000033,2015-01-16,f737ef8e-d78a-4908-8080-38b513fd8367,Blueavacado. Co.,2,2015,465
14598475,10000033,2015-01-16,f737ef8e-d78a-4908-8080-38b513fd8367,Blueavacado. Co.,2,2015,466
14598475,10000033,2015-01-16,f737ef8e-d78a-4908-8080-38b513fd8367,Blueavacado. Co.,2,2015,467
14598475,10000033,2015-01-16,f737ef8e-d78a-4908-8080-38b513fd8367,Blueavacado. Co.,2,2015,468
14598475,10000033,2015-01-16,f737ef8e-d78a-4908-8080-38b513fd8367,Blueavacado. Co.,2,2015,469
14598475,10000033,2015-01-16,f737ef8e-d78a-4908-8080-38b513fd8367,Blueavacado. Co.,2,2015,470
14598475,10000033,2015-01-16,f737ef8e-d78a-4908-8080-38b513fd8367,Blueavacado. Co.,2,2015,471
14598475,10000033,2015-01-16,f737ef8e-d78a-4908-8080-38b513fd8367,Blueavacado. Co.,2,2015,472
14598475,10000033,2015-01-16,f737ef8e-d78a-4908-8080-38b513fd8367,Blueavacado. Co.,2,2015,473
14598475,10000033,2015-01-16,f737ef8e-d78a-4908-8080-38b513fd8367,Blueavacado. Co.,2,2015,474
14598475,10000033,2015-01-16,f737ef8e-d78a-4908-8080-38b513fd8367,Blueavacado. Co.,2,2015,475
14598475,10000033,2015-01-16,f737ef8e-d78a-4908-8080-38b513fd8367,Blueavacado. Co.,2,2015,476
14598475,10000033,2015-01-16,f737ef8e-d78a-4908-8080-38b513fd8367,Blueavacado. Co.,2,2015,477
14598475,10000033,2015-01-16,f737ef8e-d78a-4908-8080-38b513fd8367,Blueavacado. Co.,2,2015,478
14598475,10000033,2015-01-16,f737ef8e-d78a-4908-8080-38b513fd8367,Blueavacado. Co.,2,2015,479
14598475,10000033,2015-01-16,f737ef8e-d78a-4908-8080-38b513fd8367,Blueavacado. Co.,2,2015,480
14598475,10000033,2015-01-16,f737ef8e-d78a-4908-8080-38b513fd8367,Blueavacado. Co.,2,2015,481
14598475,10000033,2015-01-16,f737ef8e-d78a-4908-8080-38b513fd8367,Blueavacado. Co.,2,2015,482
14598475,10000033,2015-01-16,f737ef8e-d78a-4908-8080-38b513fd8367,Blueavacado. Co.,2,2015,483
14598475,10000033,2015-01-16,f737ef8e-d78a-4908-8080-38b513fd8367,Blueavacado. Co.,2,2015,484
14900891,10000034,2014-05-21,baecc94c-15b9-4493-9c87-8ec69df1350c,"PARRIC NINGBO STATIONERY AND GIFTS MFG. CO., LTD.",3,2014,485
14900891,10000034,2014-05-21,baecc94c-15b9-4493-9c87-8ec69df1350c,"PARRIC NINGBO STATIONERY AND GIFTS MFG. CO., LTD.",3,2014,486
14900891,10000034,2014-05-21,baecc94c-15b9-4493-9c87-8ec69df1350c,"PARRIC NINGBO STATIONERY AND GIFTS MFG. CO., LTD.",3,2014,487
14900891,10000034,2014-05-21,baecc94c-15b9-4493-9c87-8ec69df1350c,"PARRIC NINGBO STATIONERY AND GIFTS MFG. CO., LTD.",3,2014,488
14900891,10000034,2014-05-21,baecc94c-15b9-4493-9c87-8ec69df1350c,"PARRIC NINGBO STATIONERY AND GIFTS MFG. CO., LTD.",3,2014,489
14900891,10000034,2014-05-21,baecc94c-15b9-4493-9c87-8ec69df1350c,"PARRIC NINGBO STATIONERY AND GIFTS MFG. CO., LTD.",3,2014,490
14900891,10000034,2014-05-21,baecc94c-15b9-4493-9c87-8ec69df1350c,"PARRIC NINGBO STATIONERY AND GIFTS MFG. CO., LTD.",3,2014,491
14900891,10000034,2014-05-21,baecc94c-15b9-4493-9c87-8ec69df1350c,"PARRIC NINGBO STATIONERY AND GIFTS MFG. CO., LTD.",3,2014,492
14850225,10000035,2015-09-10,7b355b6e-6d02-45b9-9a88-060beec05664,TEKNOR APEX COMPANY,2,2015,493
14850225,10000035,2015-09-10,7b355b6e-6d02-45b9-9a88-060beec05664,TEKNOR APEX COMPANY,2,2015,494
14850225,10000035,2015-09-10,7b355b6e-6d02-45b9-9a88-060beec05664,TEKNOR APEX COMPANY,2,2015,495
14850225,10000035,2015-09-10,7b355b6e-6d02-45b9-9a88-060beec05664,TEKNOR APEX COMPANY,2,2015,496
14850225,10000035,2015-09-10,7b355b6e-6d02-45b9-9a88-060beec05664,TEKNOR APEX COMPANY,2,2015,497
14850225,10000035,2015-09-10,7b355b6e-6d02-45b9-9a88-060beec05664,TEKNOR APEX COMPANY,2,2015,498
14850225,10000035,2015-09-10,7b355b6e-6d02-45b9-9a88-060beec05664,TEKNOR APEX COMPANY,2,2015,499
14850225,10000035,2015-09-10,7b355b6e-6d02-45b9-9a88-060beec05664,TEKNOR APEX COMPANY,2,2015,500
14850225,10000035,2015-09-10,7b355b6e-6d02-45b9-9a88-060beec05664,TEKNOR APEX COMPANY,2,2015,501
14850225,10000035,2015-09-10,7b355b6e-6d02-45b9-9a88-060beec05664,TEKNOR APEX COMPANY,2,2015,502
14910598,10000037,2014-06-04,c10ebff4-c986-4165-91da-20184fa6f933,DEXERIALS CORPORATION,3,2014,503
14910598,10000037,2014-06-04,c10ebff4-c986-4165-91da-20184fa6f933,DEXERIALS CORPORATION,3,2014,504
14910598,10000037,2014-06-04,c10ebff4-c986-4165-91da-20184fa6f933,DEXERIALS CORPORATION,3,2014,505
14910598,10000037,2014-06-04,c10ebff4-c986-4165-91da-20184fa6f933,DEXERIALS CORPORATION,3,2014,506
14910598,10000037,2014-06-04,c10ebff4-c986-4165-91da-20184fa6f933,DEXERIALS CORPORATION,3,2014,507
14910598,10000037,2014-06-04,c10ebff4-c986-4165-91da-20184fa6f933,DEXERIALS CORPORATION,3,2014,508
14910598,10000037,2014-06-04,c10ebff4-c986-4165-91da-20184fa6f933,DEXERIALS CORPORATION,3,2014,509
14910598,10000037,2014-06-04,c10ebff4-c986-4165-91da-20184fa6f933,DEXERIALS CORPORATION,3,2014,510
15032109,10000038,2014-10-27,6a07eccb-b2fb-4163-aa5d-2cde94aabc5c,"TOYO KOHAN CO., LTD.",3,2014,511
15032109,10000038,2014-10-27,6a07eccb-b2fb-4163-aa5d-2cde94aabc5c,"TOYO KOHAN CO., LTD.",3,2014,512
15032109,10000038,2014-10-27,6a07eccb-b2fb-4163-aa5d-2cde94aabc5c,"TOYO KOHAN CO., LTD.",3,2014,513
15032109,10000038,2014-10-27,6a07eccb-b2fb-4163-aa5d-2cde94aabc5c,"TOYO KOHAN CO., LTD.",3,2014,514
15032109,10000038,2014-10-27,6a07eccb-b2fb-4163-aa5d-2cde94aabc5c,"TOYO KOHAN CO., LTD.",3,2014,515
15032109,10000038,2014-10-27,6a07eccb-b2fb-4163-aa5d-2cde94aabc5c,"TOYO KOHAN CO., LTD.",3,2014,516
15032109,10000038,2014-10-27,6a07eccb-b2fb-4163-aa5d-2cde94aabc5c,"TOYO KOHAN CO., LTD.",3,2014,517
15032109,10000038,2014-10-27,6a07eccb-b2fb-4163-aa5d-2cde94aabc5c,"TOYO KOHAN CO., LTD.",3,2014,518
15032109,10000038,2014-10-27,6a07eccb-b2fb-4163-aa5d-2cde94aabc5c,"TOYO KOHAN CO., LTD.",3,2014,519
15032109,10000038,2014-10-27,6a07eccb-b2fb-4163-aa5d-2cde94aabc5c,"TOYO KOHAN CO., LTD.",3,2014,520
14954606,10000039,2015-11-30,3e93c94a-042b-4b5e-be77-ac5887e97eac,Solutia Inc.,2,2015,521
14954606,10000039,2015-11-30,3e93c94a-042b-4b5e-be77-ac5887e97eac,Solutia Inc.,2,2015,522
14954606,10000039,2015-11-30,3e93c94a-042b-4b5e-be77-ac5887e97eac,Solutia Inc.,2,2015,523
14954606,10000039,2015-11-30,3e93c94a-042b-4b5e-be77-ac5887e97eac,Solutia Inc.,2,2015,524
14954606,10000039,2015-11-30,3e93c94a-042b-4b5e-be77-ac5887e97eac,Solutia Inc.,2,2015,525
14954606,10000039,2015-11-30,3e93c94a-042b-4b5e-be77-ac5887e97eac,Solutia Inc.,2,2015,526
14954606,10000039,2015-11-30,3e93c94a-042b-4b5e-be77-ac5887e97eac,Solutia Inc.,2,2015,527
14954606,10000039,2015-11-30,3e93c94a-042b-4b5e-be77-ac5887e97eac,Solutia Inc.,2,2015,528
14954606,10000039,2015-11-30,3e93c94a-042b-4b5e-be77-ac5887e97eac,Solutia Inc.,2,2015,529
14954606,10000039,2015-11-30,3e93c94a-042b-4b5e-be77-ac5887e97eac,Solutia Inc.,2,2015,530
14954606,10000039,2015-11-30,3e93c94a-042b-4b5e-be77-ac5887e97eac,Solutia Inc.,2,2015,531
14954606,10000039,2015-11-30,3e93c94a-042b-4b5e-be77-ac5887e97eac,Solutia Inc.,2,2015,532
14954606,10000039,2015-11-30,3e93c94a-042b-4b5e-be77-ac5887e97eac,Solutia Inc.,2,2015,533
14954606,10000039,2015-11-30,3e93c94a-042b-4b5e-be77-ac5887e97eac,Solutia Inc.,2,2015,534
14954606,10000039,2015-11-30,3e93c94a-042b-4b5e-be77-ac5887e97eac,Solutia Inc.,2,2015,535
14954606,10000039,2015-11-30,3e93c94a-042b-4b5e-be77-ac5887e97eac,Solutia Inc.,2,2015,536
14954606,10000039,2015-11-30,3e93c94a-042b-4b5e-be77-ac5887e97eac,Solutia Inc.,2,2015,537
14954606,10000039,2015-11-30,3e93c94a-042b-4b5e-be77-ac5887e97eac,Solutia Inc.,2,2015,538
14954606,10000039,2015-11-30,3e93c94a-042b-4b5e-be77-ac5887e97eac,Solutia Inc.,2,2015,539
14954606,10000039,2015-11-30,3e93c94a-042b-4b5e-be77-ac5887e97eac,Solutia Inc.,2,2015,540
14954606,10000039,2015-11-30,3e93c94a-042b-4b5e-be77-ac5887e97eac,Solutia Inc.,2,2015,541
14954606,10000039,2015-11-30,3e93c94a-042b-4b5e-be77-ac5887e97eac,Solutia Inc.,2,2015,542
15155208,10000040,2016-05-16,89364234-3e97-4d3b-afc8-70803953a87b,"FLOORING INDUSTIES LIMITED, SARL",3,2016,543
15155208,10000040,2016-05-16,89364234-3e97-4d3b-afc8-70803953a87b,"FLOORING INDUSTIES LIMITED, SARL",3,2016,544
15155208,10000040,2016-05-16,89364234-3e97-4d3b-afc8-70803953a87b,"FLOORING INDUSTIES LIMITED, SARL",3,2016,545
15155208,10000040,2016-05-16,89364234-3e97-4d3b-afc8-70803953a87b,"FLOORING INDUSTIES LIMITED, SARL",3,2016,546
15155208,10000040,2016-05-16,89364234-3e97-4d3b-afc8-70803953a87b,"FLOORING INDUSTIES LIMITED, SARL",3,2016,547
15155208,10000040,2016-05-16,89364234-3e97-4d3b-afc8-70803953a87b,"FLOORING INDUSTIES LIMITED, SARL",3,2016,548
15155208,10000040,2016-05-16,89364234-3e97-4d3b-afc8-70803953a87b,"FLOORING INDUSTIES LIMITED, SARL",3,2016,549
15155208,10000040,2016-05-16,89364234-3e97-4d3b-afc8-70803953a87b,"FLOORING INDUSTIES LIMITED, SARL",3,2016,550
15155208,10000040,2016-05-16,89364234-3e97-4d3b-afc8-70803953a87b,"FLOORING INDUSTIES LIMITED, SARL",3,2016,551
15155208,10000040,2016-05-16,89364234-3e97-4d3b-afc8-70803953a87b,"FLOORING INDUSTIES LIMITED, SARL",3,2016,552
15155208,10000040,2016-05-16,89364234-3e97-4d3b-afc8-70803953a87b,"FLOORING INDUSTIES LIMITED, SARL",3,2016,553
15155208,10000040,2016-05-16,89364234-3e97-4d3b-afc8-70803953a87b,"FLOORING INDUSTIES LIMITED, SARL",3,2016,554
15155208,10000040,2016-05-16,89364234-3e97-4d3b-afc8-70803953a87b,"FLOORING INDUSTIES LIMITED, SARL",3,2016,555
15155208,10000040,2016-05-16,89364234-3e97-4d3b-afc8-70803953a87b,"FLOORING INDUSTIES LIMITED, SARL",3,2016,556
15155208,10000040,2016-05-16,89364234-3e97-4d3b-afc8-70803953a87b,"FLOORING INDUSTIES LIMITED, SARL",3,2016,557
15155208,10000040,2016-05-16,89364234-3e97-4d3b-afc8-70803953a87b,"FLOORING INDUSTIES LIMITED, SARL",3,2016,558
15155208,10000040,2016-05-16,89364234-3e97-4d3b-afc8-70803953a87b,"FLOORING INDUSTIES LIMITED, SARL",3,2016,559
15155208,10000040,2016-05-16,89364234-3e97-4d3b-afc8-70803953a87b,"FLOORING INDUSTIES LIMITED, SARL",3,2016,560
15155208,10000040,2016-05-16,89364234-3e97-4d3b-afc8-70803953a87b,"FLOORING INDUSTIES LIMITED, SARL",3,2016,561
15155208,10000040,2016-05-16,89364234-3e97-4d3b-afc8-70803953a87b,"FLOORING INDUSTIES LIMITED, SARL",3,2016,562
15155208,10000040,2016-05-16,89364234-3e97-4d3b-afc8-70803953a87b,"FLOORING INDUSTIES LIMITED, SARL",3,2016,563
15155208,10000040,2016-05-16,89364234-3e97-4d3b-afc8-70803953a87b,"FLOORING INDUSTIES LIMITED, SARL",3,2016,564
15155208,10000040,2016-05-16,89364234-3e97-4d3b-afc8-70803953a87b,"FLOORING INDUSTIES LIMITED, SARL",3,2016,565
15155208,10000040,2016-05-16,89364234-3e97-4d3b-afc8-70803953a87b,"FLOORING INDUSTIES LIMITED, SARL",3,2016,566
15155208,10000040,2016-05-16,89364234-3e97-4d3b-afc8-70803953a87b,"FLOORING INDUSTIES LIMITED, SARL",3,2016,567
15155208,10000040,2016-05-16,89364234-3e97-4d3b-afc8-70803953a87b,"FLOORING INDUSTIES LIMITED, SARL",3,2016,568
15155208,10000040,2016-05-16,89364234-3e97-4d3b-afc8-70803953a87b,"FLOORING INDUSTIES LIMITED, SARL",3,2016,569
15155208,10000040,2016-05-16,89364234-3e97-4d3b-afc8-70803953a87b,"FLOORING INDUSTIES LIMITED, SARL",3,2016,570
15155208,10000040,2016-05-16,89364234-3e97-4d3b-afc8-70803953a87b,"FLOORING INDUSTIES LIMITED, SARL",3,2016,571
14446648,10000041,2014-07-30,ede2ef6b-97d9-4314-abcb-2183e8372f67,ALPI S.P.A.,3,2014,572
14446648,10000041,2014-07-30,ede2ef6b-97d9-4314-abcb-2183e8372f67,ALPI S.P.A.,3,2014,573
14446648,10000041,2014-07-30,ede2ef6b-97d9-4314-abcb-2183e8372f67,ALPI S.P.A.,3,2014,574
14446648,10000041,2014-07-30,ede2ef6b-97d9-4314-abcb-2183e8372f67,ALPI S.P.A.,3,2014,575
14446648,10000041,2014-07-30,ede2ef6b-97d9-4314-abcb-2183e8372f67,ALPI S.P.A.,3,2014,576
14446648,10000041,2014-07-30,ede2ef6b-97d9-4314-abcb-2183e8372f67,ALPI S.P.A.,3,2014,577
14446648,10000041,2014-07-30,ede2ef6b-97d9-4314-abcb-2183e8372f67,ALPI S.P.A.,3,2014,578
14446648,10000041,2014-07-30,ede2ef6b-97d9-4314-abcb-2183e8372f67,ALPI S.P.A.,3,2014,579
14446648,10000041,2014-07-30,ede2ef6b-97d9-4314-abcb-2183e8372f67,ALPI S.P.A.,3,2014,580
14105284,10000042,2013-12-13,987d5f99-021e-43a7-bc6f-c494d81fe112,"Multi-Plastics, Inc.",2,2013,581
14105284,10000042,2013-12-13,987d5f99-021e-43a7-bc6f-c494d81fe112,"Multi-Plastics, Inc.",2,2013,582
14105284,10000042,2013-12-13,987d5f99-021e-43a7-bc6f-c494d81fe112,"Multi-Plastics, Inc.",2,2013,583
14105284,10000042,2013-12-13,987d5f99-021e-43a7-bc6f-c494d81fe112,"Multi-Plastics, Inc.",2,2013,584
14105284,10000042,2013-12-13,987d5f99-021e-43a7-bc6f-c494d81fe112,"Multi-Plastics, Inc.",2,2013,585
14105284,10000042,2013-12-13,987d5f99-021e-43a7-bc6f-c494d81fe112,"Multi-Plastics, Inc.",2,2013,586
14105284,10000042,2013-12-13,987d5f99-021e-43a7-bc6f-c494d81fe112,"Multi-Plastics, Inc.",2,2013,587
14105284,10000042,2013-12-13,987d5f99-021e-43a7-bc6f-c494d81fe112,"Multi-Plastics, Inc.",2,2013,588
14105284,10000042,2013-12-13,987d5f99-021e-43a7-bc6f-c494d81fe112,"Multi-Plastics, Inc.",2,2013,589
14105284,10000042,2013-12-13,987d5f99-021e-43a7-bc6f-c494d81fe112,"Multi-Plastics, Inc.",2,2013,590
14105284,10000042,2013-12-13,987d5f99-021e-43a7-bc6f-c494d81fe112,"Multi-Plastics, Inc.",2,2013,591
14105284,10000042,2013-12-13,987d5f99-021e-43a7-bc6f-c494d81fe112,"Multi-Plastics, Inc.",2,2013,592
14105284,10000042,2013-12-13,987d5f99-021e-43a7-bc6f-c494d81fe112,"Multi-Plastics, Inc.",2,2013,593
14105284,10000042,2013-12-13,987d5f99-021e-43a7-bc6f-c494d81fe112,"Multi-Plastics, Inc.",2,2013,594
14105284,10000042,2013-12-13,987d5f99-021e-43a7-bc6f-c494d81fe112,"Multi-Plastics, Inc.",2,2013,595
14105284,10000042,2013-12-13,987d5f99-021e-43a7-bc6f-c494d81fe112,"Multi-Plastics, Inc.",2,2013,596
14105284,10000042,2013-12-13,987d5f99-021e-43a7-bc6f-c494d81fe112,"Multi-Plastics, Inc.",2,2013,597
14105284,10000042,2013-12-13,987d5f99-021e-43a7-bc6f-c494d81fe112,"Multi-Plastics, Inc.",2,2013,598
14105284,10000042,2013-12-13,987d5f99-021e-43a7-bc6f-c494d81fe112,"Multi-Plastics, Inc.",2,2013,599
14105284,10000042,2013-12-13,987d5f99-021e-43a7-bc6f-c494d81fe112,"Multi-Plastics, Inc.",2,2013,600
14718215,10000043,2015-05-21,880ea425-d09c-4408-a3c3-ce1f6cee6e9c,Bostik SA,3,2015,601
14718215,10000043,2015-05-21,880ea425-d09c-4408-a3c3-ce1f6cee6e9c,Bostik SA,3,2015,602
14718215,10000043,2015-05-21,880ea425-d09c-4408-a3c3-ce1f6cee6e9c,Bostik SA,3,2015,603
14718215,10000043,2015-05-21,880ea425-d09c-4408-a3c3-ce1f6cee6e9c,Bostik SA,3,2015,604
14718215,10000043,2015-05-21,880ea425-d09c-4408-a3c3-ce1f6cee6e9c,Bostik SA,3,2015,605
14718215,10000043,2015-05-21,880ea425-d09c-4408-a3c3-ce1f6cee6e9c,Bostik SA,3,2015,606
14718215,10000043,2015-05-21,880ea425-d09c-4408-a3c3-ce1f6cee6e9c,Bostik SA,3,2015,607
14718215,10000043,2015-05-21,880ea425-d09c-4408-a3c3-ce1f6cee6e9c,Bostik SA,3,2015,608
14718215,10000043,2015-05-21,880ea425-d09c-4408-a3c3-ce1f6cee6e9c,Bostik SA,3,2015,609
14718215,10000043,2015-05-21,880ea425-d09c-4408-a3c3-ce1f6cee6e9c,Bostik SA,3,2015,610
14718215,10000043,2015-05-21,880ea425-d09c-4408-a3c3-ce1f6cee6e9c,Bostik SA,3,2015,611
14718215,10000043,2015-05-21,880ea425-d09c-4408-a3c3-ce1f6cee6e9c,Bostik SA,3,2015,612
14718215,10000043,2015-05-21,880ea425-d09c-4408-a3c3-ce1f6cee6e9c,Bostik SA,3,2015,613
14718215,10000043,2015-05-21,880ea425-d09c-4408-a3c3-ce1f6cee6e9c,Bostik SA,3,2015,614
14718215,10000043,2015-05-21,880ea425-d09c-4408-a3c3-ce1f6cee6e9c,Bostik SA,3,2015,615
13383573,10000044,2010-07-14,4a8a192e-fe7a-492c-9785-6370bd7d8773,RENOLIT GOR S.P.A.,3,2010,616
13383573,10000044,2010-07-14,4a8a192e-fe7a-492c-9785-6370bd7d8773,RENOLIT GOR S.P.A.,3,2010,617
13383573,10000044,2010-07-14,4a8a192e-fe7a-492c-9785-6370bd7d8773,RENOLIT GOR S.P.A.,3,2010,618
13383573,10000044,2010-07-14,4a8a192e-fe7a-492c-9785-6370bd7d8773,RENOLIT GOR S.P.A.,3,2010,619
13383573,10000044,2010-07-14,4a8a192e-fe7a-492c-9785-6370bd7d8773,RENOLIT GOR S.P.A.,3,2010,620
13383573,10000044,2010-07-14,4a8a192e-fe7a-492c-9785-6370bd7d8773,RENOLIT GOR S.P.A.,3,2010,621
13383573,10000044,2010-07-14,4a8a192e-fe7a-492c-9785-6370bd7d8773,RENOLIT GOR S.P.A.,3,2010,622
13383573,10000044,2010-07-14,4a8a192e-fe7a-492c-9785-6370bd7d8773,RENOLIT GOR S.P.A.,3,2010,623
13383573,10000044,2010-07-14,4a8a192e-fe7a-492c-9785-6370bd7d8773,RENOLIT GOR S.P.A.,3,2010,624
13383573,10000044,2010-07-14,4a8a192e-fe7a-492c-9785-6370bd7d8773,RENOLIT GOR S.P.A.,3,2010,625
13383573,10000044,2010-07-14,4a8a192e-fe7a-492c-9785-6370bd7d8773,RENOLIT GOR S.P.A.,3,2010,626
13383573,10000044,2010-07-14,4a8a192e-fe7a-492c-9785-6370bd7d8773,RENOLIT GOR S.P.A.,3,2010,627
13383573,10000044,2010-07-14,4a8a192e-fe7a-492c-9785-6370bd7d8773,RENOLIT GOR S.P.A.,3,2010,628
13383573,10000044,2010-07-14,4a8a192e-fe7a-492c-9785-6370bd7d8773,RENOLIT GOR S.P.A.,3,2010,629
13383573,10000044,2010-07-14,4a8a192e-fe7a-492c-9785-6370bd7d8773,RENOLIT GOR S.P.A.,3,2010,630
13383573,10000044,2010-07-14,4a8a192e-fe7a-492c-9785-6370bd7d8773,RENOLIT GOR S.P.A.,3,2010,631
13383573,10000044,2010-07-14,4a8a192e-fe7a-492c-9785-6370bd7d8773,RENOLIT GOR S.P.A.,3,2010,632
13383573,10000044,2010-07-14,4a8a192e-fe7a-492c-9785-6370bd7d8773,RENOLIT GOR S.P.A.,3,2010,633
13383573,10000044,2010-07-14,4a8a192e-fe7a-492c-9785-6370bd7d8773,RENOLIT GOR S.P.A.,3,2010,634
13383573,10000044,2010-07-14,4a8a192e-fe7a-492c-9785-6370bd7d8773,RENOLIT GOR S.P.A.,3,2010,635
13383573,10000044,2010-07-14,4a8a192e-fe7a-492c-9785-6370bd7d8773,RENOLIT GOR S.P.A.,3,2010,636
13383573,10000044,2010-07-14,4a8a192e-fe7a-492c-9785-6370bd7d8773,RENOLIT GOR S.P.A.,3,2010,637
13383573,10000044,2010-07-14,4a8a192e-fe7a-492c-9785-6370bd7d8773,RENOLIT GOR S.P.A.,3,2010,638
13383573,10000044,2010-07-14,4a8a192e-fe7a-492c-9785-6370bd7d8773,RENOLIT GOR S.P.A.,3,2010,639
13383573,10000044,2010-07-14,4a8a192e-fe7a-492c-9785-6370bd7d8773,RENOLIT GOR S.P.A.,3,2010,640
13383573,10000044,2010-07-14,4a8a192e-fe7a-492c-9785-6370bd7d8773,RENOLIT GOR S.P.A.,3,2010,641
13383573,10000044,2010-07-14,4a8a192e-fe7a-492c-9785-6370bd7d8773,RENOLIT GOR S.P.A.,3,2010,642
13383573,10000044,2010-07-14,4a8a192e-fe7a-492c-9785-6370bd7d8773,RENOLIT GOR S.P.A.,3,2010,643
13383573,10000044,2010-07-14,4a8a192e-fe7a-492c-9785-6370bd7d8773,RENOLIT GOR S.P.A.,3,2010,644
13383573,10000044,2010-07-14,4a8a192e-fe7a-492c-9785-6370bd7d8773,RENOLIT GOR S.P.A.,3,2010,645
13383573,10000044,2010-07-14,4a8a192e-fe7a-492c-9785-6370bd7d8773,RENOLIT GOR S.P.A.,3,2010,646
13383573,10000044,2010-07-14,4a8a192e-fe7a-492c-9785-6370bd7d8773,RENOLIT GOR S.P.A.,3,2010,647
13383573,10000044,2010-07-14,4a8a192e-fe7a-492c-9785-6370bd7d8773,RENOLIT GOR S.P.A.,3,2010,648
13383573,10000044,2010-07-14,4a8a192e-fe7a-492c-9785-6370bd7d8773,RENOLIT GOR S.P.A.,3,2010,649
13383573,10000044,2010-07-14,4a8a192e-fe7a-492c-9785-6370bd7d8773,RENOLIT GOR S.P.A.,3,2010,650
13383573,10000044,2010-07-14,4a8a192e-fe7a-492c-9785-6370bd7d8773,RENOLIT GOR S.P.A.,3,2010,651
13383573,10000044,2010-07-14,4a8a192e-fe7a-492c-9785-6370bd7d8773,RENOLIT GOR S.P.A.,3,2010,652
13383573,10000044,2010-07-14,4a8a192e-fe7a-492c-9785-6370bd7d8773,RENOLIT GOR S.P.A.,3,2010,653
13383573,10000044,2010-07-14,4a8a192e-fe7a-492c-9785-6370bd7d8773,RENOLIT GOR S.P.A.,3,2010,654
13383573,10000044,2010-07-14,4a8a192e-fe7a-492c-9785-6370bd7d8773,RENOLIT GOR S.P.A.,3,2010,655
13383573,10000044,2010-07-14,4a8a192e-fe7a-492c-9785-6370bd7d8773,RENOLIT GOR S.P.A.,3,2010,656
13383573,10000044,2010-07-14,4a8a192e-fe7a-492c-9785-6370bd7d8773,RENOLIT GOR S.P.A.,3,2010,657
13383573,10000044,2010-07-14,4a8a192e-fe7a-492c-9785-6370bd7d8773,RENOLIT GOR S.P.A.,3,2010,658
13383573,10000044,2010-07-14,4a8a192e-fe7a-492c-9785-6370bd7d8773,RENOLIT GOR S.P.A.,3,2010,659
13383573,10000044,2010-07-14,4a8a192e-fe7a-492c-9785-6370bd7d8773,RENOLIT GOR S.P.A.,3,2010,660
15558822,10000045,2016-03-09,c00c843f-43b4-4223-afd0-e5e63a6880ee,"KURARAY CO., LTD.",3,2016,661
15558822,10000045,2016-03-09,c00c843f-43b4-4223-afd0-e5e63a6880ee,"KURARAY CO., LTD.",3,2016,662
15558822,10000045,2016-03-09,c00c843f-43b4-4223-afd0-e5e63a6880ee,"KURARAY CO., LTD.",3,2016,663
15558822,10000045,2016-03-09,c00c843f-43b4-4223-afd0-e5e63a6880ee,"KURARAY CO., LTD.",3,2016,664
15558822,10000045,2016-03-09,c00c843f-43b4-4223-afd0-e5e63a6880ee,"KURARAY CO., LTD.",3,2016,665
15558822,10000045,2016-03-09,c00c843f-43b4-4223-afd0-e5e63a6880ee,"KURARAY CO., LTD.",3,2016,666
15558822,10000045,2016-03-09,c00c843f-43b4-4223-afd0-e5e63a6880ee,"KURARAY CO., LTD.",3,2016,667
15558822,10000045,2016-03-09,c00c843f-43b4-4223-afd0-e5e63a6880ee,"KURARAY CO., LTD.",3,2016,668
15558822,10000045,2016-03-09,c00c843f-43b4-4223-afd0-e5e63a6880ee,"KURARAY CO., LTD.",3,2016,669
15558822,10000045,2016-03-09,c00c843f-43b4-4223-afd0-e5e63a6880ee,"KURARAY CO., LTD.",3,2016,670
15558822,10000045,2016-03-09,c00c843f-43b4-4223-afd0-e5e63a6880ee,"KURARAY CO., LTD.",3,2016,671
15558822,10000045,2016-03-09,c00c843f-43b4-4223-afd0-e5e63a6880ee,"KURARAY CO., LTD.",3,2016,672
15558822,10000045,2016-03-09,c00c843f-43b4-4223-afd0-e5e63a6880ee,"KURARAY CO., LTD.",3,2016,673
15558822,10000045,2016-03-09,c00c843f-43b4-4223-afd0-e5e63a6880ee,"KURARAY CO., LTD.",3,2016,674
15558822,10000045,2016-03-09,c00c843f-43b4-4223-afd0-e5e63a6880ee,"KURARAY CO., LTD.",3,2016,675
15558822,10000045,2016-03-09,c00c843f-43b4-4223-afd0-e5e63a6880ee,"KURARAY CO., LTD.",3,2016,676
15558822,10000045,2016-03-09,c00c843f-43b4-4223-afd0-e5e63a6880ee,"KURARAY CO., LTD.",3,2016,677
15558822,10000045,2016-03-09,c00c843f-43b4-4223-afd0-e5e63a6880ee,"KURARAY CO., LTD.",3,2016,678
15558822,10000045,2016-03-09,c00c843f-43b4-4223-afd0-e5e63a6880ee,"KURARAY CO., LTD.",3,2016,679
15558822,10000045,2016-03-09,c00c843f-43b4-4223-afd0-e5e63a6880ee,"KURARAY CO., LTD.",3,2016,680
15558822,10000045,2016-03-09,c00c843f-43b4-4223-afd0-e5e63a6880ee,"KURARAY CO., LTD.",3,2016,681
15558822,10000045,2016-03-09,c00c843f-43b4-4223-afd0-e5e63a6880ee,"KURARAY CO., LTD.",3,2016,682
15558822,10000045,2016-03-09,c00c843f-43b4-4223-afd0-e5e63a6880ee,"KURARAY CO., LTD.",3,2016,683
15558822,10000045,2016-03-09,c00c843f-43b4-4223-afd0-e5e63a6880ee,"KURARAY CO., LTD.",3,2016,684
15558822,10000045,2016-03-09,c00c843f-43b4-4223-afd0-e5e63a6880ee,"KURARAY CO., LTD.",3,2016,685
15558822,10000045,2016-03-09,c00c843f-43b4-4223-afd0-e5e63a6880ee,"KURARAY CO., LTD.",3,2016,686
15558822,10000045,2016-03-09,c00c843f-43b4-4223-afd0-e5e63a6880ee,"KURARAY CO., LTD.",3,2016,687
15558822,10000045,2016-03-09,c00c843f-43b4-4223-afd0-e5e63a6880ee,"KURARAY CO., LTD.",3,2016,688
15558822,10000045,2016-03-09,c00c843f-43b4-4223-afd0-e5e63a6880ee,"KURARAY CO., LTD.",3,2016,689
15558822,10000045,2016-03-09,c00c843f-43b4-4223-afd0-e5e63a6880ee,"KURARAY CO., LTD.",3,2016,690
15558822,10000045,2016-03-09,c00c843f-43b4-4223-afd0-e5e63a6880ee,"KURARAY CO., LTD.",3,2016,691
15558822,10000045,2016-03-09,c00c843f-43b4-4223-afd0-e5e63a6880ee,"KURARAY CO., LTD.",3,2016,692
15558822,10000045,2016-03-09,c00c843f-43b4-4223-afd0-e5e63a6880ee,"KURARAY CO., LTD.",3,2016,693
15558822,10000045,2016-03-09,c00c843f-43b4-4223-afd0-e5e63a6880ee,"KURARAY CO., LTD.",3,2016,694
15558822,10000045,2016-03-09,c00c843f-43b4-4223-afd0-e5e63a6880ee,"KURARAY CO., LTD.",3,2016,695
15558822,10000045,2016-03-09,c00c843f-43b4-4223-afd0-e5e63a6880ee,"KURARAY CO., LTD.",3,2016,696
15558822,10000045,2016-03-09,c00c843f-43b4-4223-afd0-e5e63a6880ee,"KURARAY CO., LTD.",3,2016,697
15558822,10000045,2016-03-09,c00c843f-43b4-4223-afd0-e5e63a6880ee,"KURARAY CO., LTD.",3,2016,698
15558822,10000045,2016-03-09,c00c843f-43b4-4223-afd0-e5e63a6880ee,"KURARAY CO., LTD.",3,2016,699
15558822,10000045,2016-03-09,c00c843f-43b4-4223-afd0-e5e63a6880ee,"KURARAY CO., LTD.",3,2016,700
15558822,10000045,2016-03-09,c00c843f-43b4-4223-afd0-e5e63a6880ee,"KURARAY CO., LTD.",3,2016,701
15558822,10000045,2016-03-09,c00c843f-43b4-4223-afd0-e5e63a6880ee,"KURARAY CO., LTD.",3,2016,702
15558822,10000045,2016-03-09,c00c843f-43b4-4223-afd0-e5e63a6880ee,"KURARAY CO., LTD.",3,2016,703
15558822,10000045,2016-03-09,c00c843f-43b4-4223-afd0-e5e63a6880ee,"KURARAY CO., LTD.",3,2016,704
15558822,10000045,2016-03-09,c00c843f-43b4-4223-afd0-e5e63a6880ee,"KURARAY CO., LTD.",3,2016,705
14047651,10000046,2013-10-07,39e1981a-6cc3-4335-9f77-c3e29a6cf0f0,"Rohr, Inc.",2,2013,706
14047651,10000046,2013-10-07,39e1981a-6cc3-4335-9f77-c3e29a6cf0f0,"Rohr, Inc.",2,2013,707
14047651,10000046,2013-10-07,39e1981a-6cc3-4335-9f77-c3e29a6cf0f0,"Rohr, Inc.",2,2013,708
14047651,10000046,2013-10-07,39e1981a-6cc3-4335-9f77-c3e29a6cf0f0,"Rohr, Inc.",2,2013,709
14047651,10000046,2013-10-07,39e1981a-6cc3-4335-9f77-c3e29a6cf0f0,"Rohr, Inc.",2,2013,710
14047651,10000046,2013-10-07,39e1981a-6cc3-4335-9f77-c3e29a6cf0f0,"Rohr, Inc.",2,2013,711
14047651,10000046,2013-10-07,39e1981a-6cc3-4335-9f77-c3e29a6cf0f0,"Rohr, Inc.",2,2013,712
14047651,10000046,2013-10-07,39e1981a-6cc3-4335-9f77-c3e29a6cf0f0,"Rohr, Inc.",2,2013,713
14047651,10000046,2013-10-07,39e1981a-6cc3-4335-9f77-c3e29a6cf0f0,"Rohr, Inc.",2,2013,714
14047651,10000046,2013-10-07,39e1981a-6cc3-4335-9f77-c3e29a6cf0f0,"Rohr, Inc.",2,2013,715
14047651,10000046,2013-10-07,39e1981a-6cc3-4335-9f77-c3e29a6cf0f0,"Rohr, Inc.",2,2013,716
14047651,10000046,2013-10-07,39e1981a-6cc3-4335-9f77-c3e29a6cf0f0,"Rohr, Inc.",2,2013,717
14047651,10000046,2013-10-07,39e1981a-6cc3-4335-9f77-c3e29a6cf0f0,"Rohr, Inc.",2,2013,718
14047651,10000046,2013-10-07,39e1981a-6cc3-4335-9f77-c3e29a6cf0f0,"Rohr, Inc.",2,2013,719
14772389,10000047,2015-05-15,47e90d29-279d-4a3c-85bd-61c87b20fc7d,"Wuhan China Star Optoelectronics Technology Co., Ltd.",3,2015,720
14772389,10000047,2015-05-15,47e90d29-279d-4a3c-85bd-61c87b20fc7d,"Wuhan China Star Optoelectronics Technology Co., Ltd.",3,2015,721
14772389,10000047,2015-05-15,47e90d29-279d-4a3c-85bd-61c87b20fc7d,"Wuhan China Star Optoelectronics Technology Co., Ltd.",3,2015,722
14772389,10000047,2015-05-15,47e90d29-279d-4a3c-85bd-61c87b20fc7d,"Wuhan China Star Optoelectronics Technology Co., Ltd.",3,2015,723
14772389,10000047,2015-05-15,47e90d29-279d-4a3c-85bd-61c87b20fc7d,"Wuhan China Star Optoelectronics Technology Co., Ltd.",3,2015,724
14772389,10000047,2015-05-15,47e90d29-279d-4a3c-85bd-61c87b20fc7d,"Wuhan China Star Optoelectronics Technology Co., Ltd.",3,2015,725
14772389,10000047,2015-05-15,47e90d29-279d-4a3c-85bd-61c87b20fc7d,"Wuhan China Star Optoelectronics Technology Co., Ltd.",3,2015,726
14772389,10000047,2015-05-15,47e90d29-279d-4a3c-85bd-61c87b20fc7d,"Wuhan China Star Optoelectronics Technology Co., Ltd.",3,2015,727
14772389,10000047,2015-05-15,47e90d29-279d-4a3c-85bd-61c87b20fc7d,"Wuhan China Star Optoelectronics Technology Co., Ltd.",3,2015,728
14772389,10000047,2015-05-15,47e90d29-279d-4a3c-85bd-61c87b20fc7d,"Wuhan China Star Optoelectronics Technology Co., Ltd.",3,2015,729
14772389,10000047,2015-05-15,47e90d29-279d-4a3c-85bd-61c87b20fc7d,"Wuhan China Star Optoelectronics Technology Co., Ltd.",3,2015,730
15174734,10000048,2016-06-06,1aba21b2-89d3-4809-ac6e-e21ec9f6aae3,AXIA ACQUISITION CORPORATION,2,2016,731
15174734,10000048,2016-06-06,1aba21b2-89d3-4809-ac6e-e21ec9f6aae3,AXIA ACQUISITION CORPORATION,2,2016,732
15174734,10000048,2016-06-06,1aba21b2-89d3-4809-ac6e-e21ec9f6aae3,AXIA ACQUISITION CORPORATION,2,2016,733
15174734,10000048,2016-06-06,1aba21b2-89d3-4809-ac6e-e21ec9f6aae3,AXIA ACQUISITION CORPORATION,2,2016,734
15174734,10000048,2016-06-06,1aba21b2-89d3-4809-ac6e-e21ec9f6aae3,AXIA ACQUISITION CORPORATION,2,2016,735
15174734,10000048,2016-06-06,1aba21b2-89d3-4809-ac6e-e21ec9f6aae3,AXIA ACQUISITION CORPORATION,2,2016,736
15174734,10000048,2016-06-06,1aba21b2-89d3-4809-ac6e-e21ec9f6aae3,AXIA ACQUISITION CORPORATION,2,2016,737
15174734,10000048,2016-06-06,1aba21b2-89d3-4809-ac6e-e21ec9f6aae3,AXIA ACQUISITION CORPORATION,2,2016,738
15174734,10000048,2016-06-06,1aba21b2-89d3-4809-ac6e-e21ec9f6aae3,AXIA ACQUISITION CORPORATION,2,2016,739
15174734,10000048,2016-06-06,1aba21b2-89d3-4809-ac6e-e21ec9f6aae3,AXIA ACQUISITION CORPORATION,2,2016,740
15174734,10000048,2016-06-06,1aba21b2-89d3-4809-ac6e-e21ec9f6aae3,AXIA ACQUISITION CORPORATION,2,2016,741
15174734,10000048,2016-06-06,1aba21b2-89d3-4809-ac6e-e21ec9f6aae3,AXIA ACQUISITION CORPORATION,2,2016,742
15174734,10000048,2016-06-06,1aba21b2-89d3-4809-ac6e-e21ec9f6aae3,AXIA ACQUISITION CORPORATION,2,2016,743
15174734,10000048,2016-06-06,1aba21b2-89d3-4809-ac6e-e21ec9f6aae3,AXIA ACQUISITION CORPORATION,2,2016,744
15174734,10000048,2016-06-06,1aba21b2-89d3-4809-ac6e-e21ec9f6aae3,AXIA ACQUISITION CORPORATION,2,2016,745
15174734,10000048,2016-06-06,1aba21b2-89d3-4809-ac6e-e21ec9f6aae3,AXIA ACQUISITION CORPORATION,2,2016,746
15174734,10000048,2016-06-06,1aba21b2-89d3-4809-ac6e-e21ec9f6aae3,AXIA ACQUISITION CORPORATION,2,2016,747
15174734,10000048,2016-06-06,1aba21b2-89d3-4809-ac6e-e21ec9f6aae3,AXIA ACQUISITION CORPORATION,2,2016,748
15174734,10000048,2016-06-06,8e4119ef-9a68-4fb2-a2c0-5345b6491666,GRACO INC.,2,2016,749
15174734,10000048,2016-06-06,8e4119ef-9a68-4fb2-a2c0-5345b6491666,GRACO INC.,2,2016,750
15174734,10000048,2016-06-06,8e4119ef-9a68-4fb2-a2c0-5345b6491666,GRACO INC.,2,2016,751
15174734,10000048,2016-06-06,8e4119ef-9a68-4fb2-a2c0-5345b6491666,GRACO INC.,2,2016,752
15174734,10000048,2016-06-06,8e4119ef-9a68-4fb2-a2c0-5345b6491666,GRACO INC.,2,2016,753
15174734,10000048,2016-06-06,8e4119ef-9a68-4fb2-a2c0-5345b6491666,GRACO INC.,2,2016,754
15174734,10000048,2016-06-06,8e4119ef-9a68-4fb2-a2c0-5345b6491666,GRACO INC.,2,2016,755
15174734,10000048,2016-06-06,8e4119ef-9a68-4fb2-a2c0-5345b6491666,GRACO INC.,2,2016,756
15174734,10000048,2016-06-06,8e4119ef-9a68-4fb2-a2c0-5345b6491666,GRACO INC.,2,2016,757
15174734,10000048,2016-06-06,8e4119ef-9a68-4fb2-a2c0-5345b6491666,GRACO INC.,2,2016,758
15174734,10000048,2016-06-06,8e4119ef-9a68-4fb2-a2c0-5345b6491666,GRACO INC.,2,2016,759
15174734,10000048,2016-06-06,8e4119ef-9a68-4fb2-a2c0-5345b6491666,GRACO INC.,2,2016,760
15174734,10000048,2016-06-06,8e4119ef-9a68-4fb2-a2c0-5345b6491666,GRACO INC.,2,2016,761
15174734,10000048,2016-06-06,8e4119ef-9a68-4fb2-a2c0-5345b6491666,GRACO INC.,2,2016,762
15174734,10000048,2016-06-06,8e4119ef-9a68-4fb2-a2c0-5345b6491666,GRACO INC.,2,2016,763
15174734,10000048,2016-06-06,8e4119ef-9a68-4fb2-a2c0-5345b6491666,GRACO INC.,2,2016,764
15174734,10000048,2016-06-06,8e4119ef-9a68-4fb2-a2c0-5345b6491666,GRACO INC.,2,2016,765
15174734,10000048,2016-06-06,8e4119ef-9a68-4fb2-a2c0-5345b6491666,GRACO INC.,2,2016,766
14311533,10000049,2014-06-23,006b4133-a92c-441d-8ac7-50d6b189e96e,EXEL INDUSTRIES,3,2014,767
14311533,10000049,2014-06-23,006b4133-a92c-441d-8ac7-50d6b189e96e,EXEL INDUSTRIES,3,2014,768
14311533,10000049,2014-06-23,006b4133-a92c-441d-8ac7-50d6b189e96e,EXEL INDUSTRIES,3,2014,769
14311533,10000049,2014-06-23,006b4133-a92c-441d-8ac7-50d6b189e96e,EXEL INDUSTRIES,3,2014,770
14311533,10000049,2014-06-23,006b4133-a92c-441d-8ac7-50d6b189e96e,EXEL INDUSTRIES,3,2014,771
14311533,10000049,2014-06-23,006b4133-a92c-441d-8ac7-50d6b189e96e,EXEL INDUSTRIES,3,2014,772
14311533,10000049,2014-06-23,006b4133-a92c-441d-8ac7-50d6b189e96e,EXEL INDUSTRIES,3,2014,773
14311533,10000049,2014-06-23,006b4133-a92c-441d-8ac7-50d6b189e96e,EXEL INDUSTRIES,3,2014,774
14311533,10000049,2014-06-23,006b4133-a92c-441d-8ac7-50d6b189e96e,EXEL INDUSTRIES,3,2014,775
14311533,10000049,2014-06-23,006b4133-a92c-441d-8ac7-50d6b189e96e,EXEL INDUSTRIES,3,2014,776
14311533,10000049,2014-06-23,006b4133-a92c-441d-8ac7-50d6b189e96e,EXEL INDUSTRIES,3,2014,777
14311533,10000049,2014-06-23,006b4133-a92c-441d-8ac7-50d6b189e96e,EXEL INDUSTRIES,3,2014,778
14110368,10000050,2012-04-03,2debfc34-54ae-45de-89e2-fdba63f9743c,AIRBUS OPERATIONS LIMITED,3,2012,779
14110368,10000050,2012-04-03,2debfc34-54ae-45de-89e2-fdba63f9743c,AIRBUS OPERATIONS LIMITED,3,2012,780
14110368,10000050,2012-04-03,2debfc34-54ae-45de-89e2-fdba63f9743c,AIRBUS OPERATIONS LIMITED,3,2012,781
14110368,10000050,2012-04-03,2debfc34-54ae-45de-89e2-fdba63f9743c,AIRBUS OPERATIONS LIMITED,3,2012,782
14110368,10000050,2012-04-03,2debfc34-54ae-45de-89e2-fdba63f9743c,AIRBUS OPERATIONS LIMITED,3,2012,783
14110368,10000050,2012-04-03,2debfc34-54ae-45de-89e2-fdba63f9743c,AIRBUS OPERATIONS LIMITED,3,2012,784
14110368,10000050,2012-04-03,2debfc34-54ae-45de-89e2-fdba63f9743c,AIRBUS OPERATIONS LIMITED,3,2012,785
14110368,10000050,2012-04-03,2debfc34-54ae-45de-89e2-fdba63f9743c,AIRBUS OPERATIONS LIMITED,3,2012,786
14110368,10000050,2012-04-03,2debfc34-54ae-45de-89e2-fdba63f9743c,AIRBUS OPERATIONS LIMITED,3,2012,787
14110368,10000050,2012-04-03,2debfc34-54ae-45de-89e2-fdba63f9743c,AIRBUS OPERATIONS LIMITED,3,2012,788
14110368,10000050,2012-04-03,2debfc34-54ae-45de-89e2-fdba63f9743c,AIRBUS OPERATIONS LIMITED,3,2012,789
14110368,10000050,2012-04-03,2debfc34-54ae-45de-89e2-fdba63f9743c,AIRBUS OPERATIONS LIMITED,3,2012,790
14110368,10000050,2012-04-03,2debfc34-54ae-45de-89e2-fdba63f9743c,AIRBUS OPERATIONS LIMITED,3,2012,791
14110368,10000050,2012-04-03,2debfc34-54ae-45de-89e2-fdba63f9743c,AIRBUS OPERATIONS LIMITED,3,2012,792
14110368,10000050,2012-04-03,2debfc34-54ae-45de-89e2-fdba63f9743c,AIRBUS OPERATIONS LIMITED,3,2012,793
15659771,10000051,2017-07-26,a1c32670-b276-44f4-99f5-d9c5163cf7b3,Xerox Corporation,2,2017,794
15659771,10000051,2017-07-26,a1c32670-b276-44f4-99f5-d9c5163cf7b3,Xerox Corporation,2,2017,795
15659771,10000051,2017-07-26,a1c32670-b276-44f4-99f5-d9c5163cf7b3,Xerox Corporation,2,2017,796
15659771,10000051,2017-07-26,a1c32670-b276-44f4-99f5-d9c5163cf7b3,Xerox Corporation,2,2017,797
15659771,10000051,2017-07-26,a1c32670-b276-44f4-99f5-d9c5163cf7b3,Xerox Corporation,2,2017,798
15659771,10000051,2017-07-26,a1c32670-b276-44f4-99f5-d9c5163cf7b3,Xerox Corporation,2,2017,799
15659771,10000051,2017-07-26,a1c32670-b276-44f4-99f5-d9c5163cf7b3,Xerox Corporation,2,2017,800
15659771,10000051,2017-07-26,a1c32670-b276-44f4-99f5-d9c5163cf7b3,Xerox Corporation,2,2017,801
15659771,10000051,2017-07-26,a1c32670-b276-44f4-99f5-d9c5163cf7b3,Xerox Corporation,2,2017,802
15659771,10000051,2017-07-26,a1c32670-b276-44f4-99f5-d9c5163cf7b3,Xerox Corporation,2,2017,803
15659771,10000051,2017-07-26,a1c32670-b276-44f4-99f5-d9c5163cf7b3,Xerox Corporation,2,2017,804
15659771,10000051,2017-07-26,a1c32670-b276-44f4-99f5-d9c5163cf7b3,Xerox Corporation,2,2017,805
15656790,10000052,2017-07-21,a1c32670-b276-44f4-99f5-d9c5163cf7b3,Xerox Corporation,2,2017,806
15656790,10000052,2017-07-21,a1c32670-b276-44f4-99f5-d9c5163cf7b3,Xerox Corporation,2,2017,807
15656790,10000052,2017-07-21,a1c32670-b276-44f4-99f5-d9c5163cf7b3,Xerox Corporation,2,2017,808
15656790,10000052,2017-07-21,a1c32670-b276-44f4-99f5-d9c5163cf7b3,Xerox Corporation,2,2017,809
15656790,10000052,2017-07-21,a1c32670-b276-44f4-99f5-d9c5163cf7b3,Xerox Corporation,2,2017,810
15656790,10000052,2017-07-21,a1c32670-b276-44f4-99f5-d9c5163cf7b3,Xerox Corporation,2,2017,811
15656790,10000052,2017-07-21,a1c32670-b276-44f4-99f5-d9c5163cf7b3,Xerox Corporation,2,2017,812
15656790,10000052,2017-07-21,a1c32670-b276-44f4-99f5-d9c5163cf7b3,Xerox Corporation,2,2017,813
15656790,10000052,2017-07-21,a1c32670-b276-44f4-99f5-d9c5163cf7b3,Xerox Corporation,2,2017,814
15656790,10000052,2017-07-21,a1c32670-b276-44f4-99f5-d9c5163cf7b3,Xerox Corporation,2,2017,815
15656790,10000052,2017-07-21,9ebe98e2-3bfe-4a08-bace-ca93b88a60b1,Palo Alto Research Center Incorporated,2,2017,816
15656790,10000052,2017-07-21,9ebe98e2-3bfe-4a08-bace-ca93b88a60b1,Palo Alto Research Center Incorporated,2,2017,817
15656790,10000052,2017-07-21,9ebe98e2-3bfe-4a08-bace-ca93b88a60b1,Palo Alto Research Center Incorporated,2,2017,818
15656790,10000052,2017-07-21,9ebe98e2-3bfe-4a08-bace-ca93b88a60b1,Palo Alto Research Center Incorporated,2,2017,819
15656790,10000052,2017-07-21,9ebe98e2-3bfe-4a08-bace-ca93b88a60b1,Palo Alto Research Center Incorporated,2,2017,820
15656790,10000052,2017-07-21,9ebe98e2-3bfe-4a08-bace-ca93b88a60b1,Palo Alto Research Center Incorporated,2,2017,821
15656790,10000052,2017-07-21,9ebe98e2-3bfe-4a08-bace-ca93b88a60b1,Palo Alto Research Center Incorporated,2,2017,822
15656790,10000052,2017-07-21,9ebe98e2-3bfe-4a08-bace-ca93b88a60b1,Palo Alto Research Center Incorporated,2,2017,823
15656790,10000052,2017-07-21,9ebe98e2-3bfe-4a08-bace-ca93b88a60b1,Palo Alto Research Center Incorporated,2,2017,824
15656790,10000052,2017-07-21,9ebe98e2-3bfe-4a08-bace-ca93b88a60b1,Palo Alto Research Center Incorporated,2,2017,825
15150638,10000053,2016-05-10,81559ff0-1ce0-4434-8f65-17c8410e518a,"Goss International Americas, Inc.",2,2016,826
15150638,10000053,2016-05-10,81559ff0-1ce0-4434-8f65-17c8410e518a,"Goss International Americas, Inc.",2,2016,827
15150638,10000053,2016-05-10,81559ff0-1ce0-4434-8f65-17c8410e518a,"Goss International Americas, Inc.",2,2016,828
15150638,10000053,2016-05-10,81559ff0-1ce0-4434-8f65-17c8410e518a,"Goss International Americas, Inc.",2,2016,829
15150638,10000053,2016-05-10,81559ff0-1ce0-4434-8f65-17c8410e518a,"Goss International Americas, Inc.",2,2016,830
15547852,10000054,2016-04-20,44743774-f795-4c49-a7cc-d62f1cc2919f,KOENIG & BAUER AG,3,2016,831
15547852,10000054,2016-04-20,44743774-f795-4c49-a7cc-d62f1cc2919f,KOENIG & BAUER AG,3,2016,832
15547852,10000054,2016-04-20,44743774-f795-4c49-a7cc-d62f1cc2919f,KOENIG & BAUER AG,3,2016,833
15547852,10000054,2016-04-20,44743774-f795-4c49-a7cc-d62f1cc2919f,KOENIG & BAUER AG,3,2016,834
15547852,10000054,2016-04-20,44743774-f795-4c49-a7cc-d62f1cc2919f,KOENIG & BAUER AG,3,2016,835
15547852,10000054,2016-04-20,44743774-f795-4c49-a7cc-d62f1cc2919f,KOENIG & BAUER AG,3,2016,836
13459429,10000055,2012-04-30,14b516a0-ad77-4aaf-beaa-08d00de73645,Heidelberger Druckmaschinen AG,3,2012,837
13459429,10000055,2012-04-30,14b516a0-ad77-4aaf-beaa-08d00de73645,Heidelberger Druckmaschinen AG,3,2012,838
13459429,10000055,2012-04-30,14b516a0-ad77-4aaf-beaa-08d00de73645,Heidelberger Druckmaschinen AG,3,2012,839
13459429,10000055,2012-04-30,14b516a0-ad77-4aaf-beaa-08d00de73645,Heidelberger Druckmaschinen AG,3,2012,840
13459429,10000055,2012-04-30,14b516a0-ad77-4aaf-beaa-08d00de73645,Heidelberger Druckmaschinen AG,3,2012,841
13459429,10000055,2012-04-30,14b516a0-ad77-4aaf-beaa-08d00de73645,Heidelberger Druckmaschinen AG,3,2012,842
13459429,10000055,2012-04-30,14b516a0-ad77-4aaf-beaa-08d00de73645,Heidelberger Druckmaschinen AG,3,2012,843
14993877,10000056,2016-01-12,e937d8a5-12d6-44fe-b41b-6d9de83b4541,"Panasonic Intellectual Property Management Co., Ltd.",3,2016,844
14993877,10000056,2016-01-12,e937d8a5-12d6-44fe-b41b-6d9de83b4541,"Panasonic Intellectual Property Management Co., Ltd.",3,2016,845
14993877,10000056,2016-01-12,e937d8a5-12d6-44fe-b41b-6d9de83b4541,"Panasonic Intellectual Property Management Co., Ltd.",3,2016,846
14993877,10000056,2016-01-12,e937d8a5-12d6-44fe-b41b-6d9de83b4541,"Panasonic Intellectual Property Management Co., Ltd.",3,2016,847
14993877,10000056,2016-01-12,e937d8a5-12d6-44fe-b41b-6d9de83b4541,"Panasonic Intellectual Property Management Co., Ltd.",3,2016,848
14993877,10000056,2016-01-12,e937d8a5-12d6-44fe-b41b-6d9de83b4541,"Panasonic Intellectual Property Management Co., Ltd.",3,2016,849
14993877,10000056,2016-01-12,e937d8a5-12d6-44fe-b41b-6d9de83b4541,"Panasonic Intellectual Property Management Co., Ltd.",3,2016,850
14993877,10000056,2016-01-12,e937d8a5-12d6-44fe-b41b-6d9de83b4541,"Panasonic Intellectual Property Management Co., Ltd.",3,2016,851
14993877,10000056,2016-01-12,e937d8a5-12d6-44fe-b41b-6d9de83b4541,"Panasonic Intellectual Property Management Co., Ltd.",3,2016,852
14993877,10000056,2016-01-12,e937d8a5-12d6-44fe-b41b-6d9de83b4541,"Panasonic Intellectual Property Management Co., Ltd.",3,2016,853
14993877,10000056,2016-01-12,e937d8a5-12d6-44fe-b41b-6d9de83b4541,"Panasonic Intellectual Property Management Co., Ltd.",3,2016,854
15079353,10000057,2016-03-24,059bd35a-7b09-4fd8-88a9-18066d894a68,HP SCITEX LTD.,3,2016,855
15079353,10000057,2016-03-24,059bd35a-7b09-4fd8-88a9-18066d894a68,HP SCITEX LTD.,3,2016,856
15079353,10000057,2016-03-24,059bd35a-7b09-4fd8-88a9-18066d894a68,HP SCITEX LTD.,3,2016,857
15079353,10000057,2016-03-24,059bd35a-7b09-4fd8-88a9-18066d894a68,HP SCITEX LTD.,3,2016,858
15079353,10000057,2016-03-24,059bd35a-7b09-4fd8-88a9-18066d894a68,HP SCITEX LTD.,3,2016,859
15079353,10000057,2016-03-24,059bd35a-7b09-4fd8-88a9-18066d894a68,HP SCITEX LTD.,3,2016,860
15079353,10000057,2016-03-24,059bd35a-7b09-4fd8-88a9-18066d894a68,HP SCITEX LTD.,3,2016,861
15446086,10000058,2017-03-01,d270ce30-7043-4dba-9281-0bc030802af2,Seiko Epson Corporation,3,2017,862
15446086,10000058,2017-03-01,d270ce30-7043-4dba-9281-0bc030802af2,Seiko Epson Corporation,3,2017,863
15446086,10000058,2017-03-01,d270ce30-7043-4dba-9281-0bc030802af2,Seiko Epson Corporation,3,2017,864
15446086,10000058,2017-03-01,d270ce30-7043-4dba-9281-0bc030802af2,Seiko Epson Corporation,3,2017,865
15446086,10000058,2017-03-01,d270ce30-7043-4dba-9281-0bc030802af2,Seiko Epson Corporation,3,2017,866
15446086,10000058,2017-03-01,d270ce30-7043-4dba-9281-0bc030802af2,Seiko Epson Corporation,3,2017,867
15446086,10000058,2017-03-01,d270ce30-7043-4dba-9281-0bc030802af2,Seiko Epson Corporation,3,2017,868
15446086,10000058,2017-03-01,d270ce30-7043-4dba-9281-0bc030802af2,Seiko Epson Corporation,3,2017,869
15333528,10000059,2016-10-25,d270ce30-7043-4dba-9281-0bc030802af2,Seiko Epson Corporation,3,2016,870
15333528,10000059,2016-10-25,d270ce30-7043-4dba-9281-0bc030802af2,Seiko Epson Corporation,3,2016,871
15333528,10000059,2016-10-25,d270ce30-7043-4dba-9281-0bc030802af2,Seiko Epson Corporation,3,2016,872
15333528,10000059,2016-10-25,d270ce30-7043-4dba-9281-0bc030802af2,Seiko Epson Corporation,3,2016,873
15333528,10000059,2016-10-25,d270ce30-7043-4dba-9281-0bc030802af2,Seiko Epson Corporation,3,2016,874
15333528,10000059,2016-10-25,d270ce30-7043-4dba-9281-0bc030802af2,Seiko Epson Corporation,3,2016,875
15333528,10000059,2016-10-25,d270ce30-7043-4dba-9281-0bc030802af2,Seiko Epson Corporation,3,2016,876
15416296,10000060,2017-01-26,d270ce30-7043-4dba-9281-0bc030802af2,Seiko Epson Corporation,3,2017,877
15416296,10000060,2017-01-26,d270ce30-7043-4dba-9281-0bc030802af2,Seiko Epson Corporation,3,2017,878
15416296,10000060,2017-01-26,d270ce30-7043-4dba-9281-0bc030802af2,Seiko Epson Corporation,3,2017,879
15416296,10000060,2017-01-26,d270ce30-7043-4dba-9281-0bc030802af2,Seiko Epson Corporation,3,2017,880
15416296,10000060,2017-01-26,d270ce30-7043-4dba-9281-0bc030802af2,Seiko Epson Corporation,3,2017,881
15416296,10000060,2017-01-26,d270ce30-7043-4dba-9281-0bc030802af2,Seiko Epson Corporation,3,2017,882
15416296,10000060,2017-01-26,d270ce30-7043-4dba-9281-0bc030802af2,Seiko Epson Corporation,3,2017,883
15416296,10000060,2017-01-26,d270ce30-7043-4dba-9281-0bc030802af2,Seiko Epson Corporation,3,2017,884
15416296,10000060,2017-01-26,d270ce30-7043-4dba-9281-0bc030802af2,Seiko Epson Corporation,3,2017,885
15416296,10000060,2017-01-26,d270ce30-7043-4dba-9281-0bc030802af2,Seiko Epson Corporation,3,2017,886
15388655,10000061,2016-12-22,d270ce30-7043-4dba-9281-0bc030802af2,Seiko Epson Corporation,3,2016,887
15388655,10000061,2016-12-22,d270ce30-7043-4dba-9281-0bc030802af2,Seiko Epson Corporation,3,2016,888
15388655,10000061,2016-12-22,d270ce30-7043-4dba-9281-0bc030802af2,Seiko Epson Corporation,3,2016,889
15388655,10000061,2016-12-22,d270ce30-7043-4dba-9281-0bc030802af2,Seiko Epson Corporation,3,2016,890
15388655,10000061,2016-12-22,d270ce30-7043-4dba-9281-0bc030802af2,Seiko Epson Corporation,3,2016,891
15388655,10000061,2016-12-22,d270ce30-7043-4dba-9281-0bc030802af2,Seiko Epson Corporation,3,2016,892
15388655,10000061,2016-12-22,d270ce30-7043-4dba-9281-0bc030802af2,Seiko Epson Corporation,3,2016,893
15388655,10000061,2016-12-22,d270ce30-7043-4dba-9281-0bc030802af2,Seiko Epson Corporation,3,2016,894
15388655,10000061,2016-12-22,d270ce30-7043-4dba-9281-0bc030802af2,Seiko Epson Corporation,3,2016,895
15388655,10000061,2016-12-22,d270ce30-7043-4dba-9281-0bc030802af2,Seiko Epson Corporation,3,2016,896
15452523,10000062,2017-03-07,d270ce30-7043-4dba-9281-0bc030802af2,Seiko Epson Corporation,3,2017,897
15452523,10000062,2017-03-07,d270ce30-7043-4dba-9281-0bc030802af2,Seiko Epson Corporation,3,2017,898
15452523,10000062,2017-03-07,d270ce30-7043-4dba-9281-0bc030802af2,Seiko Epson Corporation,3,2017,899
15452523,10000062,2017-03-07,d270ce30-7043-4dba-9281-0bc030802af2,Seiko Epson Corporation,3,2017,900
15452523,10000062,2017-03-07,d270ce30-7043-4dba-9281-0bc030802af2,Seiko Epson Corporation,3,2017,901
15452523,10000062,2017-03-07,d270ce30-7043-4dba-9281-0bc030802af2,Seiko Epson Corporation,3,2017,902
15452523,10000062,2017-03-07,d270ce30-7043-4dba-9281-0bc030802af2,Seiko Epson Corporation,3,2017,903
15452523,10000062,2017-03-07,d270ce30-7043-4dba-9281-0bc030802af2,Seiko Epson Corporation,3,2017,904
15383279,10000063,2016-12-19,d270ce30-7043-4dba-9281-0bc030802af2,Seiko Epson Corporation,3,2016,905
15383279,10000063,2016-12-19,d270ce30-7043-4dba-9281-0bc030802af2,Seiko Epson Corporation,3,2016,906
15383279,10000063,2016-12-19,d270ce30-7043-4dba-9281-0bc030802af2,Seiko Epson Corporation,3,2016,907
15383279,10000063,2016-12-19,d270ce30-7043-4dba-9281-0bc030802af2,Seiko Epson Corporation,3,2016,908
15383279,10000063,2016-12-19,d270ce30-7043-4dba-9281-0bc030802af2,Seiko Epson Corporation,3,2016,909
15383279,10000063,2016-12-19,d270ce30-7043-4dba-9281-0bc030802af2,Seiko Epson Corporation,3,2016,910
15383279,10000063,2016-12-19,d270ce30-7043-4dba-9281-0bc030802af2,Seiko Epson Corporation,3,2016,911
15383279,10000063,2016-12-19,d270ce30-7043-4dba-9281-0bc030802af2,Seiko Epson Corporation,3,2016,912
15485582,10000064,2017-04-12,d270ce30-7043-4dba-9281-0bc030802af2,Seiko Epson Corporation,3,2017,913
15485582,10000064,2017-04-12,d270ce30-7043-4dba-9281-0bc030802af2,Seiko Epson Corporation,3,2017,914
15485582,10000064,2017-04-12,d270ce30-7043-4dba-9281-0bc030802af2,Seiko Epson Corporation,3,2017,915
15485582,10000064,2017-04-12,d270ce30-7043-4dba-9281-0bc030802af2,Seiko Epson Corporation,3,2017,916
15485582,10000064,2017-04-12,d270ce30-7043-4dba-9281-0bc030802af2,Seiko Epson Corporation,3,2017,917
15485582,10000064,2017-04-12,d270ce30-7043-4dba-9281-0bc030802af2,Seiko Epson Corporation,3,2017,918
15624351,10000065,2017-06-15,1162b386-7160-4dc8-a3fc-a403608c2694,The Boeing Company,2,2017,919
15624351,10000065,2017-06-15,1162b386-7160-4dc8-a3fc-a403608c2694,The Boeing Company,2,2017,920
15624351,10000065,2017-06-15,1162b386-7160-4dc8-a3fc-a403608c2694,The Boeing Company,2,2017,921
15624351,10000065,2017-06-15,1162b386-7160-4dc8-a3fc-a403608c2694,The Boeing Company,2,2017,922
15624351,10000065,2017-06-15,1162b386-7160-4dc8-a3fc-a403608c2694,The Boeing Company,2,2017,923
15624351,10000065,2017-06-15,1162b386-7160-4dc8-a3fc-a403608c2694,The Boeing Company,2,2017,924
15624351,10000065,2017-06-15,1162b386-7160-4dc8-a3fc-a403608c2694,The Boeing Company,2,2017,925
15624351,10000065,2017-06-15,1162b386-7160-4dc8-a3fc-a403608c2694,The Boeing Company,2,2017,926
15624351,10000065,2017-06-15,1162b386-7160-4dc8-a3fc-a403608c2694,The Boeing Company,2,2017,927
15624351,10000065,2017-06-15,1162b386-7160-4dc8-a3fc-a403608c2694,The Boeing Company,2,2017,928
15624351,10000065,2017-06-15,1162b386-7160-4dc8-a3fc-a403608c2694,The Boeing Company,2,2017,929
15428172,10000066,2017-02-09,5890b757-a082-4764-ab1d-a7c8c9a5214f,"RICOH COMPANY, LTD.",3,2017,930
15428172,10000066,2017-02-09,5890b757-a082-4764-ab1d-a7c8c9a5214f,"RICOH COMPANY, LTD.",3,2017,931
15428172,10000066,2017-02-09,5890b757-a082-4764-ab1d-a7c8c9a5214f,"RICOH COMPANY, LTD.",3,2017,932
15428172,10000066,2017-02-09,5890b757-a082-4764-ab1d-a7c8c9a5214f,"RICOH COMPANY, LTD.",3,2017,933
15428172,10000066,2017-02-09,5890b757-a082-4764-ab1d-a7c8c9a5214f,"RICOH COMPANY, LTD.",3,2017,934
15428172,10000066,2017-02-09,5890b757-a082-4764-ab1d-a7c8c9a5214f,"RICOH COMPANY, LTD.",3,2017,935
15236858,10000067,2016-08-15,5890b757-a082-4764-ab1d-a7c8c9a5214f,"RICOH COMPANY, LTD.",3,2016,936
15236858,10000067,2016-08-15,5890b757-a082-4764-ab1d-a7c8c9a5214f,"RICOH COMPANY, LTD.",3,2016,937
15236858,10000067,2016-08-15,5890b757-a082-4764-ab1d-a7c8c9a5214f,"RICOH COMPANY, LTD.",3,2016,938
15236858,10000067,2016-08-15,5890b757-a082-4764-ab1d-a7c8c9a5214f,"RICOH COMPANY, LTD.",3,2016,939
15236858,10000067,2016-08-15,5890b757-a082-4764-ab1d-a7c8c9a5214f,"RICOH COMPANY, LTD.",3,2016,940
15618342,10000068,2017-06-09,6d3d2a3a-5fbe-4915-a641-0a3f7c7fa336,RISO KAGAKU CORPORATION,3,2017,941
15618342,10000068,2017-06-09,6d3d2a3a-5fbe-4915-a641-0a3f7c7fa336,RISO KAGAKU CORPORATION,3,2017,942
15618342,10000068,2017-06-09,6d3d2a3a-5fbe-4915-a641-0a3f7c7fa336,RISO KAGAKU CORPORATION,3,2017,943
15618342,10000068,2017-06-09,6d3d2a3a-5fbe-4915-a641-0a3f7c7fa336,RISO KAGAKU CORPORATION,3,2017,944
15618342,10000068,2017-06-09,6d3d2a3a-5fbe-4915-a641-0a3f7c7fa336,RISO KAGAKU CORPORATION,3,2017,945
15618342,10000068,2017-06-09,6d3d2a3a-5fbe-4915-a641-0a3f7c7fa336,RISO KAGAKU CORPORATION,3,2017,946
15065225,10000069,2016-03-09,5e9e8460-3a45-4b17-9180-dd227c93a90c,Videojet Technologies Inc.,2,2016,947
15065225,10000069,2016-03-09,5e9e8460-3a45-4b17-9180-dd227c93a90c,Videojet Technologies Inc.,2,2016,948
15065225,10000069,2016-03-09,5e9e8460-3a45-4b17-9180-dd227c93a90c,Videojet Technologies Inc.,2,2016,949
15065225,10000069,2016-03-09,5e9e8460-3a45-4b17-9180-dd227c93a90c,Videojet Technologies Inc.,2,2016,950
15065225,10000069,2016-03-09,5e9e8460-3a45-4b17-9180-dd227c93a90c,Videojet Technologies Inc.,2,2016,951
15065225,10000069,2016-03-09,5e9e8460-3a45-4b17-9180-dd227c93a90c,Videojet Technologies Inc.,2,2016,952
15065225,10000069,2016-03-09,5e9e8460-3a45-4b17-9180-dd227c93a90c,Videojet Technologies Inc.,2,2016,953
15464658,10000070,2017-03-21,cb29e327-7f7f-4e0d-8c64-cdd2ba01fd66,TOSHIBA TEC KABUSHIKI KAISHA,3,2017,954
15464658,10000070,2017-03-21,cb29e327-7f7f-4e0d-8c64-cdd2ba01fd66,TOSHIBA TEC KABUSHIKI KAISHA,3,2017,955
15464658,10000070,2017-03-21,cb29e327-7f7f-4e0d-8c64-cdd2ba01fd66,TOSHIBA TEC KABUSHIKI KAISHA,3,2017,956
15464658,10000070,2017-03-21,cb29e327-7f7f-4e0d-8c64-cdd2ba01fd66,TOSHIBA TEC KABUSHIKI KAISHA,3,2017,957
15548608,10000071,2016-01-12,d270ce30-7043-4dba-9281-0bc030802af2,Seiko Epson Corporation,3,2016,958
15548608,10000071,2016-01-12,d270ce30-7043-4dba-9281-0bc030802af2,Seiko Epson Corporation,3,2016,959
15548608,10000071,2016-01-12,d270ce30-7043-4dba-9281-0bc030802af2,Seiko Epson Corporation,3,2016,960
15548608,10000071,2016-01-12,d270ce30-7043-4dba-9281-0bc030802af2,Seiko Epson Corporation,3,2016,961
15548608,10000071,2016-01-12,d270ce30-7043-4dba-9281-0bc030802af2,Seiko Epson Corporation,3,2016,962
15465637,10000072,2017-03-22,d74a7768-4909-4b18-ac61-a970b77324ef,ROLAND DG CORPORATION,3,2017,963
15465637,10000072,2017-03-22,d74a7768-4909-4b18-ac61-a970b77324ef,ROLAND DG CORPORATION,3,2017,964
15465637,10000072,2017-03-22,d74a7768-4909-4b18-ac61-a970b77324ef,ROLAND DG CORPORATION,3,2017,965
15465637,10000072,2017-03-22,d74a7768-4909-4b18-ac61-a970b77324ef,ROLAND DG CORPORATION,3,2017,966
15465637,10000072,2017-03-22,d74a7768-4909-4b18-ac61-a970b77324ef,ROLAND DG CORPORATION,3,2017,967
15465637,10000072,2017-03-22,d74a7768-4909-4b18-ac61-a970b77324ef,ROLAND DG CORPORATION,3,2017,968
15809346,10000073,2017-11-10,28414253-70fc-48c9-8d57-6a935001ac68,"McKenzie Sports Products, LLC",2,2017,969
15809346,10000073,2017-11-10,28414253-70fc-48c9-8d57-6a935001ac68,"McKenzie Sports Products, LLC",2,2017,970
14349919,10000074,2011-10-20,3c63c206-a203-45d9-959a-8173cb8f15c5,"Hewlett-Packard Development Company, L.P.",2,2011,971
14349919,10000074,2011-10-20,3c63c206-a203-45d9-959a-8173cb8f15c5,"Hewlett-Packard Development Company, L.P.",2,2011,972
14349919,10000074,2011-10-20,3c63c206-a203-45d9-959a-8173cb8f15c5,"Hewlett-Packard Development Company, L.P.",2,2011,973
14349919,10000074,2011-10-20,3c63c206-a203-45d9-959a-8173cb8f15c5,"Hewlett-Packard Development Company, L.P.",2,2011,974
14349919,10000074,2011-10-20,3c63c206-a203-45d9-959a-8173cb8f15c5,"Hewlett-Packard Development Company, L.P.",2,2011,975
15093678,10000075,2016-04-07,fb7ee043-1af9-45d4-9851-24f2397b32d5,"ELECTRONICS FOR IMAGING, INC.",2,2016,976
15093678,10000075,2016-04-07,fb7ee043-1af9-45d4-9851-24f2397b32d5,"ELECTRONICS FOR IMAGING, INC.",2,2016,977
15093678,10000075,2016-04-07,fb7ee043-1af9-45d4-9851-24f2397b32d5,"ELECTRONICS FOR IMAGING, INC.",2,2016,978
15093678,10000075,2016-04-07,fb7ee043-1af9-45d4-9851-24f2397b32d5,"ELECTRONICS FOR IMAGING, INC.",2,2016,979
15093678,10000075,2016-04-07,fb7ee043-1af9-45d4-9851-24f2397b32d5,"ELECTRONICS FOR IMAGING, INC.",2,2016,980
15093678,10000075,2016-04-07,fb7ee043-1af9-45d4-9851-24f2397b32d5,"ELECTRONICS FOR IMAGING, INC.",2,2016,981
15093678,10000075,2016-04-07,fb7ee043-1af9-45d4-9851-24f2397b32d5,"ELECTRONICS FOR IMAGING, INC.",2,2016,982
15864067,10000076,2018-01-08,5890b757-a082-4764-ab1d-a7c8c9a5214f,"RICOH COMPANY, LTD.",3,2018,983
15864067,10000076,2018-01-08,5890b757-a082-4764-ab1d-a7c8c9a5214f,"RICOH COMPANY, LTD.",3,2018,984
15864067,10000076,2018-01-08,5890b757-a082-4764-ab1d-a7c8c9a5214f,"RICOH COMPANY, LTD.",3,2018,985
15864067,10000076,2018-01-08,5890b757-a082-4764-ab1d-a7c8c9a5214f,"RICOH COMPANY, LTD.",3,2018,986
15864067,10000076,2018-01-08,5890b757-a082-4764-ab1d-a7c8c9a5214f,"RICOH COMPANY, LTD.",3,2018,987
15864067,10000076,2018-01-08,5890b757-a082-4764-ab1d-a7c8c9a5214f,"RICOH COMPANY, LTD.",3,2018,988
15864067,10000076,2018-01-08,5890b757-a082-4764-ab1d-a7c8c9a5214f,"RICOH COMPANY, LTD.",3,2018,989
15864067,10000076,2018-01-08,5890b757-a082-4764-ab1d-a7c8c9a5214f,"RICOH COMPANY, LTD.",3,2018,990
15864067,10000076,2018-01-08,5890b757-a082-4764-ab1d-a7c8c9a5214f,"RICOH COMPANY, LTD.",3,2018,991
15864067,10000076,2018-01-08,5890b757-a082-4764-ab1d-a7c8c9a5214f,"RICOH COMPANY, LTD.",3,2018,992
15500978,10000078,2015-08-19,cf8521db-9237-4a88-95db-bf5a1fc390ab,FUJITSU COMPONENT LIMITED,3,2015,993
15500978,10000078,2015-08-19,cf8521db-9237-4a88-95db-bf5a1fc390ab,FUJITSU COMPONENT LIMITED,3,2015,994
15500978,10000078,2015-08-19,cf8521db-9237-4a88-95db-bf5a1fc390ab,FUJITSU COMPONENT LIMITED,3,2015,995
15500978,10000078,2015-08-19,cf8521db-9237-4a88-95db-bf5a1fc390ab,FUJITSU COMPONENT LIMITED,3,2015,996
15500978,10000078,2015-08-19,cf8521db-9237-4a88-95db-bf5a1fc390ab,FUJITSU COMPONENT LIMITED,3,2015,997
15500978,10000078,2015-08-19,cf8521db-9237-4a88-95db-bf5a1fc390ab,FUJITSU COMPONENT LIMITED,3,2015,998
15500978,10000078,2015-08-19,cf8521db-9237-4a88-95db-bf5a1fc390ab,FUJITSU COMPONENT LIMITED,3,2015,999
15500978,10000078,2015-08-19,cf8521db-9237-4a88-95db-bf5a1fc390ab,FUJITSU COMPONENT LIMITED,3,2015,1000
15500978,10000078,2015-08-19,cf8521db-9237-4a88-95db-bf5a1fc390ab,FUJITSU COMPONENT LIMITED,3,2015,1001
15500978,10000078,2015-08-19,cf8521db-9237-4a88-95db-bf5a1fc390ab,FUJITSU COMPONENT LIMITED,3,2015,1002
15500978,10000078,2015-08-19,cf8521db-9237-4a88-95db-bf5a1fc390ab,FUJITSU COMPONENT LIMITED,3,2015,1003
15500978,10000078,2015-08-19,cf8521db-9237-4a88-95db-bf5a1fc390ab,FUJITSU COMPONENT LIMITED,3,2015,1004
15500978,10000078,2015-08-19,cf8521db-9237-4a88-95db-bf5a1fc390ab,FUJITSU COMPONENT LIMITED,3,2015,1005
15500978,10000078,2015-08-19,cf8521db-9237-4a88-95db-bf5a1fc390ab,FUJITSU COMPONENT LIMITED,3,2015,1006
15500978,10000078,2015-08-19,cf8521db-9237-4a88-95db-bf5a1fc390ab,FUJITSU COMPONENT LIMITED,3,2015,1007
15500978,10000078,2015-08-19,cf8521db-9237-4a88-95db-bf5a1fc390ab,FUJITSU COMPONENT LIMITED,3,2015,1008
15666955,10000079,2017-08-02,b7f08434-bd9a-41a6-b426-67595e901cdd,BROTHER KOGYO KABUSHIKI KAISHA,3,2017,1009
15666955,10000079,2017-08-02,b7f08434-bd9a-41a6-b426-67595e901cdd,BROTHER KOGYO KABUSHIKI KAISHA,3,2017,1010
15666955,10000079,2017-08-02,b7f08434-bd9a-41a6-b426-67595e901cdd,BROTHER KOGYO KABUSHIKI KAISHA,3,2017,1011
15666955,10000079,2017-08-02,b7f08434-bd9a-41a6-b426-67595e901cdd,BROTHER KOGYO KABUSHIKI KAISHA,3,2017,1012
15666955,10000079,2017-08-02,b7f08434-bd9a-41a6-b426-67595e901cdd,BROTHER KOGYO KABUSHIKI KAISHA,3,2017,1013
15666955,10000079,2017-08-02,b7f08434-bd9a-41a6-b426-67595e901cdd,BROTHER KOGYO KABUSHIKI KAISHA,3,2017,1014
15547729,10000080,2015-04-17,3c63c206-a203-45d9-959a-8173cb8f15c5,"Hewlett-Packard Development Company, L.P.",2,2015,1015
15547729,10000080,2015-04-17,3c63c206-a203-45d9-959a-8173cb8f15c5,"Hewlett-Packard Development Company, L.P.",2,2015,1016
15547729,10000080,2015-04-17,3c63c206-a203-45d9-959a-8173cb8f15c5,"Hewlett-Packard Development Company, L.P.",2,2015,1017
15547729,10000080,2015-04-17,3c63c206-a203-45d9-959a-8173cb8f15c5,"Hewlett-Packard Development Company, L.P.",2,2015,1018
15504077,10000081,2015-09-17,df2e1242-a903-4074-aadb-823a87a816c6,"DAI NIPPON PRINTING CO., LTD.",3,2015,1019
15504077,10000081,2015-09-17,df2e1242-a903-4074-aadb-823a87a816c6,"DAI NIPPON PRINTING CO., LTD.",3,2015,1020
15504077,10000081,2015-09-17,df2e1242-a903-4074-aadb-823a87a816c6,"DAI NIPPON PRINTING CO., LTD.",3,2015,1021
15504077,10000081,2015-09-17,df2e1242-a903-4074-aadb-823a87a816c6,"DAI NIPPON PRINTING CO., LTD.",3,2015,1022
15504077,10000081,2015-09-17,df2e1242-a903-4074-aadb-823a87a816c6,"DAI NIPPON PRINTING CO., LTD.",3,2015,1023
15504077,10000081,2015-09-17,df2e1242-a903-4074-aadb-823a87a816c6,"DAI NIPPON PRINTING CO., LTD.",3,2015,1024
15504077,10000081,2015-09-17,df2e1242-a903-4074-aadb-823a87a816c6,"DAI NIPPON PRINTING CO., LTD.",3,2015,1025
15504077,10000081,2015-09-17,df2e1242-a903-4074-aadb-823a87a816c6,"DAI NIPPON PRINTING CO., LTD.",3,2015,1026
15504077,10000081,2015-09-17,df2e1242-a903-4074-aadb-823a87a816c6,"DAI NIPPON PRINTING CO., LTD.",3,2015,1027
15504077,10000081,2015-09-17,df2e1242-a903-4074-aadb-823a87a816c6,"DAI NIPPON PRINTING CO., LTD.",3,2015,1028
15504077,10000081,2015-09-17,df2e1242-a903-4074-aadb-823a87a816c6,"DAI NIPPON PRINTING CO., LTD.",3,2015,1029
15504077,10000081,2015-09-17,df2e1242-a903-4074-aadb-823a87a816c6,"DAI NIPPON PRINTING CO., LTD.",3,2015,1030
15504077,10000081,2015-09-17,df2e1242-a903-4074-aadb-823a87a816c6,"DAI NIPPON PRINTING CO., LTD.",3,2015,1031
15504077,10000081,2015-09-17,df2e1242-a903-4074-aadb-823a87a816c6,"DAI NIPPON PRINTING CO., LTD.",3,2015,1032
15504077,10000081,2015-09-17,df2e1242-a903-4074-aadb-823a87a816c6,"DAI NIPPON PRINTING CO., LTD.",3,2015,1033
15504077,10000081,2015-09-17,df2e1242-a903-4074-aadb-823a87a816c6,"DAI NIPPON PRINTING CO., LTD.",3,2015,1034
15318813,10000083,2015-05-26,9e940f9a-e9e4-47b6-8583-96d2c7f9c095,"NIPPON PAPER INDUSTRIES CO., LTD.",3,2015,1035
15318813,10000083,2015-05-26,9e940f9a-e9e4-47b6-8583-96d2c7f9c095,"NIPPON PAPER INDUSTRIES CO., LTD.",3,2015,1036
15318813,10000083,2015-05-26,9e940f9a-e9e4-47b6-8583-96d2c7f9c095,"NIPPON PAPER INDUSTRIES CO., LTD.",3,2015,1037
15318813,10000083,2015-05-26,9e940f9a-e9e4-47b6-8583-96d2c7f9c095,"NIPPON PAPER INDUSTRIES CO., LTD.",3,2015,1038
15318813,10000083,2015-05-26,9e940f9a-e9e4-47b6-8583-96d2c7f9c095,"NIPPON PAPER INDUSTRIES CO., LTD.",3,2015,1039
15318813,10000083,2015-05-26,9e940f9a-e9e4-47b6-8583-96d2c7f9c095,"NIPPON PAPER INDUSTRIES CO., LTD.",3,2015,1040
15318813,10000083,2015-05-26,9e940f9a-e9e4-47b6-8583-96d2c7f9c095,"NIPPON PAPER INDUSTRIES CO., LTD.",3,2015,1041
15318813,10000083,2015-05-26,9e940f9a-e9e4-47b6-8583-96d2c7f9c095,"NIPPON PAPER INDUSTRIES CO., LTD.",3,2015,1042
15318813,10000083,2015-05-26,9e940f9a-e9e4-47b6-8583-96d2c7f9c095,"NIPPON PAPER INDUSTRIES CO., LTD.",3,2015,1043
15318813,10000083,2015-05-26,9e940f9a-e9e4-47b6-8583-96d2c7f9c095,"NIPPON PAPER INDUSTRIES CO., LTD.",3,2015,1044
15373675,10000084,2016-12-09,d270ce30-7043-4dba-9281-0bc030802af2,Seiko Epson Corporation,3,2016,1045
15373675,10000084,2016-12-09,d270ce30-7043-4dba-9281-0bc030802af2,Seiko Epson Corporation,3,2016,1046
15527992,10000086,2016-01-25,0f77e9e3-920b-4e2d-8e06-106a40d75d21,UNIBIND LIMITED,3,2016,1047
15527992,10000086,2016-01-25,0f77e9e3-920b-4e2d-8e06-106a40d75d21,UNIBIND LIMITED,3,2016,1048
15512567,10000087,2015-09-01,793598c7-28bd-441f-acca-f3308d599353,MAGSEE GMBH,3,2015,1049
15512567,10000087,2015-09-01,793598c7-28bd-441f-acca-f3308d599353,MAGSEE GMBH,3,2015,1050
15512567,10000087,2015-09-01,793598c7-28bd-441f-acca-f3308d599353,MAGSEE GMBH,3,2015,1051
15512567,10000087,2015-09-01,793598c7-28bd-441f-acca-f3308d599353,MAGSEE GMBH,3,2015,1052
15512567,10000087,2015-09-01,793598c7-28bd-441f-acca-f3308d599353,MAGSEE GMBH,3,2015,1053
15512567,10000087,2015-09-01,793598c7-28bd-441f-acca-f3308d599353,MAGSEE GMBH,3,2015,1054
15512567,10000087,2015-09-01,793598c7-28bd-441f-acca-f3308d599353,MAGSEE GMBH,3,2015,1055
15512567,10000087,2015-09-01,793598c7-28bd-441f-acca-f3308d599353,MAGSEE GMBH,3,2015,1056
15512567,10000087,2015-09-01,793598c7-28bd-441f-acca-f3308d599353,MAGSEE GMBH,3,2015,1057
15512567,10000087,2015-09-01,793598c7-28bd-441f-acca-f3308d599353,MAGSEE GMBH,3,2015,1058
15023761,10000088,2014-09-16,f6afa2aa-3b85-4c31-a61a-a3b762b87b59,PILOT CORPORATION,3,2014,1059
15023761,10000088,2014-09-16,f6afa2aa-3b85-4c31-a61a-a3b762b87b59,PILOT CORPORATION,3,2014,1060
15023761,10000088,2014-09-16,f6afa2aa-3b85-4c31-a61a-a3b762b87b59,PILOT CORPORATION,3,2014,1061
15023761,10000088,2014-09-16,f6afa2aa-3b85-4c31-a61a-a3b762b87b59,PILOT CORPORATION,3,2014,1062
15023761,10000088,2014-09-16,f6afa2aa-3b85-4c31-a61a-a3b762b87b59,PILOT CORPORATION,3,2014,1063
15023761,10000088,2014-09-16,f6afa2aa-3b85-4c31-a61a-a3b762b87b59,PILOT CORPORATION,3,2014,1064
15023761,10000088,2014-09-16,f6afa2aa-3b85-4c31-a61a-a3b762b87b59,PILOT CORPORATION,3,2014,1065
15023761,10000088,2014-09-16,f6afa2aa-3b85-4c31-a61a-a3b762b87b59,PILOT CORPORATION,3,2014,1066
15023761,10000088,2014-09-16,f6afa2aa-3b85-4c31-a61a-a3b762b87b59,PILOT CORPORATION,3,2014,1067
15023761,10000088,2014-09-16,f6afa2aa-3b85-4c31-a61a-a3b762b87b59,PILOT CORPORATION,3,2014,1068
15023761,10000088,2014-09-16,f6afa2aa-3b85-4c31-a61a-a3b762b87b59,PILOT CORPORATION,3,2014,1069
14355738,10000090,2012-11-02,966f28e8-3741-4b7d-8419-a34c86319e11,Bridgestone Corporation,3,2012,1070
14355738,10000090,2012-11-02,966f28e8-3741-4b7d-8419-a34c86319e11,Bridgestone Corporation,3,2012,1071
14355738,10000090,2012-11-02,966f28e8-3741-4b7d-8419-a34c86319e11,Bridgestone Corporation,3,2012,1072
14355738,10000090,2012-11-02,966f28e8-3741-4b7d-8419-a34c86319e11,Bridgestone Corporation,3,2012,1073
14355738,10000090,2012-11-02,966f28e8-3741-4b7d-8419-a34c86319e11,Bridgestone Corporation,3,2012,1074
14355738,10000090,2012-11-02,966f28e8-3741-4b7d-8419-a34c86319e11,Bridgestone Corporation,3,2012,1075
14355738,10000090,2012-11-02,966f28e8-3741-4b7d-8419-a34c86319e11,Bridgestone Corporation,3,2012,1076
14355738,10000090,2012-11-02,966f28e8-3741-4b7d-8419-a34c86319e11,Bridgestone Corporation,3,2012,1077
15052288,10000092,2016-02-24,f44009ae-439f-4d0d-b612-4c6d35a529b3,"TOYO TIRE & RUBBER CO., LTD.",3,2016,1078
15052288,10000092,2016-02-24,f44009ae-439f-4d0d-b612-4c6d35a529b3,"TOYO TIRE & RUBBER CO., LTD.",3,2016,1079
15052288,10000092,2016-02-24,f44009ae-439f-4d0d-b612-4c6d35a529b3,"TOYO TIRE & RUBBER CO., LTD.",3,2016,1080
15052288,10000092,2016-02-24,f44009ae-439f-4d0d-b612-4c6d35a529b3,"TOYO TIRE & RUBBER CO., LTD.",3,2016,1081
15052288,10000092,2016-02-24,f44009ae-439f-4d0d-b612-4c6d35a529b3,"TOYO TIRE & RUBBER CO., LTD.",3,2016,1082
15052288,10000092,2016-02-24,f44009ae-439f-4d0d-b612-4c6d35a529b3,"TOYO TIRE & RUBBER CO., LTD.",3,2016,1083
15052288,10000092,2016-02-24,f44009ae-439f-4d0d-b612-4c6d35a529b3,"TOYO TIRE & RUBBER CO., LTD.",3,2016,1084
14914325,10000094,2014-08-28,966f28e8-3741-4b7d-8419-a34c86319e11,Bridgestone Corporation,3,2014,1085
14914325,10000094,2014-08-28,966f28e8-3741-4b7d-8419-a34c86319e11,Bridgestone Corporation,3,2014,1086
14914325,10000094,2014-08-28,966f28e8-3741-4b7d-8419-a34c86319e11,Bridgestone Corporation,3,2014,1087
14914325,10000094,2014-08-28,966f28e8-3741-4b7d-8419-a34c86319e11,Bridgestone Corporation,3,2014,1088
14914325,10000094,2014-08-28,966f28e8-3741-4b7d-8419-a34c86319e11,Bridgestone Corporation,3,2014,1089
14914325,10000094,2014-08-28,966f28e8-3741-4b7d-8419-a34c86319e11,Bridgestone Corporation,3,2014,1090
14914325,10000094,2014-08-28,966f28e8-3741-4b7d-8419-a34c86319e11,Bridgestone Corporation,3,2014,1091
14914325,10000094,2014-08-28,966f28e8-3741-4b7d-8419-a34c86319e11,Bridgestone Corporation,3,2014,1092
14914325,10000094,2014-08-28,966f28e8-3741-4b7d-8419-a34c86319e11,Bridgestone Corporation,3,2014,1093
14914325,10000094,2014-08-28,966f28e8-3741-4b7d-8419-a34c86319e11,Bridgestone Corporation,3,2014,1094
14381127,10000095,2013-02-26,a89a22f0-de24-4eb1-9632-6179c4aa8751,"Sumitomo Rubber Industries, Ltd.",3,2013,1095
14381127,10000095,2013-02-26,a89a22f0-de24-4eb1-9632-6179c4aa8751,"Sumitomo Rubber Industries, Ltd.",3,2013,1096
14381127,10000095,2013-02-26,a89a22f0-de24-4eb1-9632-6179c4aa8751,"Sumitomo Rubber Industries, Ltd.",3,2013,1097
14381127,10000095,2013-02-26,a89a22f0-de24-4eb1-9632-6179c4aa8751,"Sumitomo Rubber Industries, Ltd.",3,2013,1098
14381127,10000095,2013-02-26,a89a22f0-de24-4eb1-9632-6179c4aa8751,"Sumitomo Rubber Industries, Ltd.",3,2013,1099
14381127,10000095,2013-02-26,a89a22f0-de24-4eb1-9632-6179c4aa8751,"Sumitomo Rubber Industries, Ltd.",3,2013,1100
14381127,10000095,2013-02-26,a89a22f0-de24-4eb1-9632-6179c4aa8751,"Sumitomo Rubber Industries, Ltd.",3,2013,1101
14381127,10000095,2013-02-26,a89a22f0-de24-4eb1-9632-6179c4aa8751,"Sumitomo Rubber Industries, Ltd.",3,2013,1102
14381127,10000095,2013-02-26,a89a22f0-de24-4eb1-9632-6179c4aa8751,"Sumitomo Rubber Industries, Ltd.",3,2013,1103
14381127,10000095,2013-02-26,a89a22f0-de24-4eb1-9632-6179c4aa8751,"Sumitomo Rubber Industries, Ltd.",3,2013,1104
14837853,10000096,2015-08-27,f44009ae-439f-4d0d-b612-4c6d35a529b3,"TOYO TIRE & RUBBER CO., LTD.",3,2015,1105
14829863,10000097,2015-08-19,6f77d20b-e890-4e1e-b5f5-f80bdfb4c946,RESEARCH BUSINESS FOUNDATION SUNGKYUNKWAN UNIVERSITY,3,2015,1106
14829863,10000097,2015-08-19,6f77d20b-e890-4e1e-b5f5-f80bdfb4c946,RESEARCH BUSINESS FOUNDATION SUNGKYUNKWAN UNIVERSITY,3,2015,1107
14829863,10000097,2015-08-19,6f77d20b-e890-4e1e-b5f5-f80bdfb4c946,RESEARCH BUSINESS FOUNDATION SUNGKYUNKWAN UNIVERSITY,3,2015,1108
14829863,10000097,2015-08-19,6f77d20b-e890-4e1e-b5f5-f80bdfb4c946,RESEARCH BUSINESS FOUNDATION SUNGKYUNKWAN UNIVERSITY,3,2015,1109
14829863,10000097,2015-08-19,6f77d20b-e890-4e1e-b5f5-f80bdfb4c946,RESEARCH BUSINESS FOUNDATION SUNGKYUNKWAN UNIVERSITY,3,2015,1110
14829863,10000097,2015-08-19,6f77d20b-e890-4e1e-b5f5-f80bdfb4c946,RESEARCH BUSINESS FOUNDATION SUNGKYUNKWAN UNIVERSITY,3,2015,1111
14829863,10000097,2015-08-19,6f77d20b-e890-4e1e-b5f5-f80bdfb4c946,RESEARCH BUSINESS FOUNDATION SUNGKYUNKWAN UNIVERSITY,3,2015,1112
15358273,10000098,2016-11-22,0e5001ec-f266-4c4c-bd63-bd9652d3cf4d,Infineon Technologies AG,3,2016,1113
15358273,10000098,2016-11-22,0e5001ec-f266-4c4c-bd63-bd9652d3cf4d,Infineon Technologies AG,3,2016,1114
15358273,10000098,2016-11-22,0e5001ec-f266-4c4c-bd63-bd9652d3cf4d,Infineon Technologies AG,3,2016,1115
15503557,10000099,2015-07-15,c22ad08b-9a31-400c-9ab0-9b4002a3918c,Huf HÃ¼lsbeck & FÃ¼rst GmbH & Co. KG,3,2015,1116
15503557,10000099,2015-07-15,c22ad08b-9a31-400c-9ab0-9b4002a3918c,Huf HÃ¼lsbeck & FÃ¼rst GmbH & Co. KG,3,2015,1117
15503557,10000099,2015-07-15,c22ad08b-9a31-400c-9ab0-9b4002a3918c,Huf HÃ¼lsbeck & FÃ¼rst GmbH & Co. KG,3,2015,1118
15503557,10000099,2015-07-15,c22ad08b-9a31-400c-9ab0-9b4002a3918c,Huf HÃ¼lsbeck & FÃ¼rst GmbH & Co. KG,3,2015,1119
15503557,10000099,2015-07-15,c22ad08b-9a31-400c-9ab0-9b4002a3918c,Huf HÃ¼lsbeck & FÃ¼rst GmbH & Co. KG,3,2015,1120
13977418,10000100,2010-12-30,1a9a7d0b-e8a8-415a-9151-0b697fe03229,Compagnie Generale des Etablissements Michelin,3,2010,1121
13977418,10000100,2010-12-30,1a9a7d0b-e8a8-415a-9151-0b697fe03229,Compagnie Generale des Etablissements Michelin,3,2010,1122
13977418,10000100,2010-12-30,1a9a7d0b-e8a8-415a-9151-0b697fe03229,Compagnie Generale des Etablissements Michelin,3,2010,1123
13977418,10000100,2010-12-30,1a9a7d0b-e8a8-415a-9151-0b697fe03229,Compagnie Generale des Etablissements Michelin,3,2010,1124
13977418,10000100,2010-12-30,1a9a7d0b-e8a8-415a-9151-0b697fe03229,Compagnie Generale des Etablissements Michelin,3,2010,1125
14852035,10000101,2015-09-11,311d83bb-0da8-43b6-bc35-0dda654113dd,NEXION S.P.A.,3,2015,1126
14852035,10000101,2015-09-11,311d83bb-0da8-43b6-bc35-0dda654113dd,NEXION S.P.A.,3,2015,1127
14852035,10000101,2015-09-11,311d83bb-0da8-43b6-bc35-0dda654113dd,NEXION S.P.A.,3,2015,1128
14852035,10000101,2015-09-11,311d83bb-0da8-43b6-bc35-0dda654113dd,NEXION S.P.A.,3,2015,1129
14852035,10000101,2015-09-11,311d83bb-0da8-43b6-bc35-0dda654113dd,NEXION S.P.A.,3,2015,1130
14852035,10000101,2015-09-11,311d83bb-0da8-43b6-bc35-0dda654113dd,NEXION S.P.A.,3,2015,1131
14852035,10000101,2015-09-11,311d83bb-0da8-43b6-bc35-0dda654113dd,NEXION S.P.A.,3,2015,1132
15163103,10000102,2016-05-24,b390f64e-be5a-47db-b573-14161eb0a300,GM GLOBAL TECHNOLOGY OPERATIONS LLC,2,2016,1133
15163103,10000102,2016-05-24,b390f64e-be5a-47db-b573-14161eb0a300,GM GLOBAL TECHNOLOGY OPERATIONS LLC,2,2016,1134
15163103,10000102,2016-05-24,b390f64e-be5a-47db-b573-14161eb0a300,GM GLOBAL TECHNOLOGY OPERATIONS LLC,2,2016,1135
15163103,10000102,2016-05-24,b390f64e-be5a-47db-b573-14161eb0a300,GM GLOBAL TECHNOLOGY OPERATIONS LLC,2,2016,1136
15163103,10000102,2016-05-24,b390f64e-be5a-47db-b573-14161eb0a300,GM GLOBAL TECHNOLOGY OPERATIONS LLC,2,2016,1137
15163103,10000102,2016-05-24,b390f64e-be5a-47db-b573-14161eb0a300,GM GLOBAL TECHNOLOGY OPERATIONS LLC,2,2016,1138
15163103,10000102,2016-05-24,b390f64e-be5a-47db-b573-14161eb0a300,GM GLOBAL TECHNOLOGY OPERATIONS LLC,2,2016,1139
15163103,10000102,2016-05-24,b390f64e-be5a-47db-b573-14161eb0a300,GM GLOBAL TECHNOLOGY OPERATIONS LLC,2,2016,1140
15163103,10000102,2016-05-24,b390f64e-be5a-47db-b573-14161eb0a300,GM GLOBAL TECHNOLOGY OPERATIONS LLC,2,2016,1141
15584306,10000103,2017-05-02,d8bbbad9-f33d-4fec-822e-3b2b16676aa6,"Ford Global Technologies, LLC",2,2017,1142
15584306,10000103,2017-05-02,d8bbbad9-f33d-4fec-822e-3b2b16676aa6,"Ford Global Technologies, LLC",2,2017,1143
15584306,10000103,2017-05-02,d8bbbad9-f33d-4fec-822e-3b2b16676aa6,"Ford Global Technologies, LLC",2,2017,1144
15584306,10000103,2017-05-02,d8bbbad9-f33d-4fec-822e-3b2b16676aa6,"Ford Global Technologies, LLC",2,2017,1145
15584306,10000103,2017-05-02,d8bbbad9-f33d-4fec-822e-3b2b16676aa6,"Ford Global Technologies, LLC",2,2017,1146
15584306,10000103,2017-05-02,d8bbbad9-f33d-4fec-822e-3b2b16676aa6,"Ford Global Technologies, LLC",2,2017,1147
15584306,10000103,2017-05-02,d8bbbad9-f33d-4fec-822e-3b2b16676aa6,"Ford Global Technologies, LLC",2,2017,1148
15584306,10000103,2017-05-02,d8bbbad9-f33d-4fec-822e-3b2b16676aa6,"Ford Global Technologies, LLC",2,2017,1149
15584306,10000103,2017-05-02,d8bbbad9-f33d-4fec-822e-3b2b16676aa6,"Ford Global Technologies, LLC",2,2017,1150
15584306,10000103,2017-05-02,d8bbbad9-f33d-4fec-822e-3b2b16676aa6,"Ford Global Technologies, LLC",2,2017,1151
15584306,10000103,2017-05-02,d8bbbad9-f33d-4fec-822e-3b2b16676aa6,"Ford Global Technologies, LLC",2,2017,1152
15584306,10000103,2017-05-02,d8bbbad9-f33d-4fec-822e-3b2b16676aa6,"Ford Global Technologies, LLC",2,2017,1153
15584306,10000103,2017-05-02,d8bbbad9-f33d-4fec-822e-3b2b16676aa6,"Ford Global Technologies, LLC",2,2017,1154
15584306,10000103,2017-05-02,d8bbbad9-f33d-4fec-822e-3b2b16676aa6,"Ford Global Technologies, LLC",2,2017,1155
15584306,10000103,2017-05-02,d8bbbad9-f33d-4fec-822e-3b2b16676aa6,"Ford Global Technologies, LLC",2,2017,1156
15584306,10000103,2017-05-02,d8bbbad9-f33d-4fec-822e-3b2b16676aa6,"Ford Global Technologies, LLC",2,2017,1157
15218501,10000104,2016-07-25,a61bb9b3-51a7-4cfc-99e0-40975ab0835b,Tenneco Automotive Operating Company Inc.,2,2016,1158
15218501,10000104,2016-07-25,a61bb9b3-51a7-4cfc-99e0-40975ab0835b,Tenneco Automotive Operating Company Inc.,2,2016,1159
15218501,10000104,2016-07-25,a61bb9b3-51a7-4cfc-99e0-40975ab0835b,Tenneco Automotive Operating Company Inc.,2,2016,1160
15218501,10000104,2016-07-25,a61bb9b3-51a7-4cfc-99e0-40975ab0835b,Tenneco Automotive Operating Company Inc.,2,2016,1161
15218501,10000104,2016-07-25,a61bb9b3-51a7-4cfc-99e0-40975ab0835b,Tenneco Automotive Operating Company Inc.,2,2016,1162
15218501,10000104,2016-07-25,a61bb9b3-51a7-4cfc-99e0-40975ab0835b,Tenneco Automotive Operating Company Inc.,2,2016,1163
15218501,10000104,2016-07-25,a61bb9b3-51a7-4cfc-99e0-40975ab0835b,Tenneco Automotive Operating Company Inc.,2,2016,1164
15218501,10000104,2016-07-25,a61bb9b3-51a7-4cfc-99e0-40975ab0835b,Tenneco Automotive Operating Company Inc.,2,2016,1165
15218501,10000104,2016-07-25,a61bb9b3-51a7-4cfc-99e0-40975ab0835b,Tenneco Automotive Operating Company Inc.,2,2016,1166
15218501,10000104,2016-07-25,a61bb9b3-51a7-4cfc-99e0-40975ab0835b,Tenneco Automotive Operating Company Inc.,2,2016,1167
15218501,10000104,2016-07-25,a61bb9b3-51a7-4cfc-99e0-40975ab0835b,Tenneco Automotive Operating Company Inc.,2,2016,1168
15218501,10000104,2016-07-25,a61bb9b3-51a7-4cfc-99e0-40975ab0835b,Tenneco Automotive Operating Company Inc.,2,2016,1169
15218501,10000104,2016-07-25,a61bb9b3-51a7-4cfc-99e0-40975ab0835b,Tenneco Automotive Operating Company Inc.,2,2016,1170
15218501,10000104,2016-07-25,a61bb9b3-51a7-4cfc-99e0-40975ab0835b,Tenneco Automotive Operating Company Inc.,2,2016,1171
15218501,10000104,2016-07-25,a61bb9b3-51a7-4cfc-99e0-40975ab0835b,Tenneco Automotive Operating Company Inc.,2,2016,1172
15218501,10000104,2016-07-25,a61bb9b3-51a7-4cfc-99e0-40975ab0835b,Tenneco Automotive Operating Company Inc.,2,2016,1173
15218501,10000104,2016-07-25,a61bb9b3-51a7-4cfc-99e0-40975ab0835b,Tenneco Automotive Operating Company Inc.,2,2016,1174
15218501,10000104,2016-07-25,a61bb9b3-51a7-4cfc-99e0-40975ab0835b,Tenneco Automotive Operating Company Inc.,2,2016,1175
15218501,10000104,2016-07-25,a61bb9b3-51a7-4cfc-99e0-40975ab0835b,Tenneco Automotive Operating Company Inc.,2,2016,1176
15218501,10000104,2016-07-25,a61bb9b3-51a7-4cfc-99e0-40975ab0835b,Tenneco Automotive Operating Company Inc.,2,2016,1177
15218501,10000104,2016-07-25,a61bb9b3-51a7-4cfc-99e0-40975ab0835b,Tenneco Automotive Operating Company Inc.,2,2016,1178
15218501,10000104,2016-07-25,a61bb9b3-51a7-4cfc-99e0-40975ab0835b,Tenneco Automotive Operating Company Inc.,2,2016,1179
15075499,10000105,2016-03-21,0d64e7ca-4388-4122-a407-0193d6bb2429,"HONDA MOTOR CO., LTD.",3,2016,1180
15075499,10000105,2016-03-21,0d64e7ca-4388-4122-a407-0193d6bb2429,"HONDA MOTOR CO., LTD.",3,2016,1181
15075499,10000105,2016-03-21,0d64e7ca-4388-4122-a407-0193d6bb2429,"HONDA MOTOR CO., LTD.",3,2016,1182
15075499,10000105,2016-03-21,0d64e7ca-4388-4122-a407-0193d6bb2429,"HONDA MOTOR CO., LTD.",3,2016,1183
15075499,10000105,2016-03-21,0d64e7ca-4388-4122-a407-0193d6bb2429,"HONDA MOTOR CO., LTD.",3,2016,1184
14914924,10000106,2014-08-21,83b9cd33-c4a9-4267-98b8-e928ccbc5b3d,MAHLE FILTER SYSTEMS JAPAN CORPORATION,3,2014,1185
14914924,10000106,2014-08-21,83b9cd33-c4a9-4267-98b8-e928ccbc5b3d,MAHLE FILTER SYSTEMS JAPAN CORPORATION,3,2014,1186
14914924,10000106,2014-08-21,83b9cd33-c4a9-4267-98b8-e928ccbc5b3d,MAHLE FILTER SYSTEMS JAPAN CORPORATION,3,2014,1187
14914924,10000106,2014-08-21,83b9cd33-c4a9-4267-98b8-e928ccbc5b3d,MAHLE FILTER SYSTEMS JAPAN CORPORATION,3,2014,1188
14914924,10000106,2014-08-21,83b9cd33-c4a9-4267-98b8-e928ccbc5b3d,MAHLE FILTER SYSTEMS JAPAN CORPORATION,3,2014,1189
14914924,10000106,2014-08-21,83b9cd33-c4a9-4267-98b8-e928ccbc5b3d,MAHLE FILTER SYSTEMS JAPAN CORPORATION,3,2014,1190
14914924,10000106,2014-08-21,83b9cd33-c4a9-4267-98b8-e928ccbc5b3d,MAHLE FILTER SYSTEMS JAPAN CORPORATION,3,2014,1191
14914924,10000106,2014-08-21,83b9cd33-c4a9-4267-98b8-e928ccbc5b3d,MAHLE FILTER SYSTEMS JAPAN CORPORATION,3,2014,1192
14914924,10000106,2014-08-21,83b9cd33-c4a9-4267-98b8-e928ccbc5b3d,MAHLE FILTER SYSTEMS JAPAN CORPORATION,3,2014,1193
14869426,10000107,2015-09-29,50df5293-c726-4a23-853d-bbb5a67c5e7d,PANASONIC HOLDINGS CORPORATION,3,2015,1194
14869426,10000107,2015-09-29,50df5293-c726-4a23-853d-bbb5a67c5e7d,PANASONIC HOLDINGS CORPORATION,3,2015,1195
14869426,10000107,2015-09-29,50df5293-c726-4a23-853d-bbb5a67c5e7d,PANASONIC HOLDINGS CORPORATION,3,2015,1196
14869426,10000107,2015-09-29,645e6df2-710b-4bdc-9422-3324ac768379,JAPAN CLIMATE SYSTEMS CORPORATION,3,2015,1197
14869426,10000107,2015-09-29,645e6df2-710b-4bdc-9422-3324ac768379,JAPAN CLIMATE SYSTEMS CORPORATION,3,2015,1198
14869426,10000107,2015-09-29,645e6df2-710b-4bdc-9422-3324ac768379,JAPAN CLIMATE SYSTEMS CORPORATION,3,2015,1199
14783963,10000108,2014-04-09,d1fb457e-fb00-41c7-90da-2c0e503083ac,DENSO CORPORATION,3,2014,1200
14783963,10000108,2014-04-09,d1fb457e-fb00-41c7-90da-2c0e503083ac,DENSO CORPORATION,3,2014,1201
14783963,10000108,2014-04-09,d1fb457e-fb00-41c7-90da-2c0e503083ac,DENSO CORPORATION,3,2014,1202
14783963,10000108,2014-04-09,d1fb457e-fb00-41c7-90da-2c0e503083ac,DENSO CORPORATION,3,2014,1203
14783963,10000108,2014-04-09,d1fb457e-fb00-41c7-90da-2c0e503083ac,DENSO CORPORATION,3,2014,1204
14783963,10000108,2014-04-09,d1fb457e-fb00-41c7-90da-2c0e503083ac,DENSO CORPORATION,3,2014,1205
14783963,10000108,2014-04-09,d1fb457e-fb00-41c7-90da-2c0e503083ac,DENSO CORPORATION,3,2014,1206
14783963,10000108,2014-04-09,d1fb457e-fb00-41c7-90da-2c0e503083ac,DENSO CORPORATION,3,2014,1207
14783963,10000108,2014-04-09,d1fb457e-fb00-41c7-90da-2c0e503083ac,DENSO CORPORATION,3,2014,1208
14783963,10000108,2014-04-09,d1fb457e-fb00-41c7-90da-2c0e503083ac,DENSO CORPORATION,3,2014,1209
14783963,10000108,2014-04-09,d1fb457e-fb00-41c7-90da-2c0e503083ac,DENSO CORPORATION,3,2014,1210
14783963,10000108,2014-04-09,d1fb457e-fb00-41c7-90da-2c0e503083ac,DENSO CORPORATION,3,2014,1211
14783963,10000108,2014-04-09,d1fb457e-fb00-41c7-90da-2c0e503083ac,DENSO CORPORATION,3,2014,1212
14783963,10000108,2014-04-09,d1fb457e-fb00-41c7-90da-2c0e503083ac,DENSO CORPORATION,3,2014,1213
15191580,10000109,2016-06-24,3a28d9e7-967c-41a2-95cb-a886e718f945,"DENSO International America, Inc.",2,2016,1214
15191580,10000109,2016-06-24,3a28d9e7-967c-41a2-95cb-a886e718f945,"DENSO International America, Inc.",2,2016,1215
15191580,10000109,2016-06-24,3a28d9e7-967c-41a2-95cb-a886e718f945,"DENSO International America, Inc.",2,2016,1216
15191580,10000109,2016-06-24,3a28d9e7-967c-41a2-95cb-a886e718f945,"DENSO International America, Inc.",2,2016,1217
15191580,10000109,2016-06-24,3a28d9e7-967c-41a2-95cb-a886e718f945,"DENSO International America, Inc.",2,2016,1218
15191580,10000109,2016-06-24,3a28d9e7-967c-41a2-95cb-a886e718f945,"DENSO International America, Inc.",2,2016,1219
15191580,10000109,2016-06-24,3a28d9e7-967c-41a2-95cb-a886e718f945,"DENSO International America, Inc.",2,2016,1220
15191580,10000109,2016-06-24,3a28d9e7-967c-41a2-95cb-a886e718f945,"DENSO International America, Inc.",2,2016,1221
15191580,10000109,2016-06-24,3a28d9e7-967c-41a2-95cb-a886e718f945,"DENSO International America, Inc.",2,2016,1222
15191580,10000109,2016-06-24,3a28d9e7-967c-41a2-95cb-a886e718f945,"DENSO International America, Inc.",2,2016,1223
15191580,10000109,2016-06-24,3a28d9e7-967c-41a2-95cb-a886e718f945,"DENSO International America, Inc.",2,2016,1224
15191580,10000109,2016-06-24,3a28d9e7-967c-41a2-95cb-a886e718f945,"DENSO International America, Inc.",2,2016,1225
15109868,10000110,2014-12-04,7ed3a365-9726-4c2c-81d9-395724cd9afb,HANON SYSTEMS,3,2014,1226
15109868,10000110,2014-12-04,7ed3a365-9726-4c2c-81d9-395724cd9afb,HANON SYSTEMS,3,2014,1227
15109868,10000110,2014-12-04,7ed3a365-9726-4c2c-81d9-395724cd9afb,HANON SYSTEMS,3,2014,1228
15023160,10000111,2014-09-08,15cce957-6028-4283-a29b-17b1f460030c,SHIROKI CORPORATION,3,2014,1229
15023160,10000111,2014-09-08,15cce957-6028-4283-a29b-17b1f460030c,SHIROKI CORPORATION,3,2014,1230
15023160,10000111,2014-09-08,15cce957-6028-4283-a29b-17b1f460030c,SHIROKI CORPORATION,3,2014,1231
15259834,10000112,2016-09-08,d8bbbad9-f33d-4fec-822e-3b2b16676aa6,"Ford Global Technologies, LLC",2,2016,1232
15259834,10000112,2016-09-08,d8bbbad9-f33d-4fec-822e-3b2b16676aa6,"Ford Global Technologies, LLC",2,2016,1233
15259834,10000112,2016-09-08,d8bbbad9-f33d-4fec-822e-3b2b16676aa6,"Ford Global Technologies, LLC",2,2016,1234
15259834,10000112,2016-09-08,d8bbbad9-f33d-4fec-822e-3b2b16676aa6,"Ford Global Technologies, LLC",2,2016,1235
15197556,10000113,2016-06-29,da541c48-fae9-45c4-b4f0-4d5a2b9101a4,"Agri-Cover, Inc.",2,2016,1236
15197556,10000113,2016-06-29,da541c48-fae9-45c4-b4f0-4d5a2b9101a4,"Agri-Cover, Inc.",2,2016,1237
15197556,10000113,2016-06-29,da541c48-fae9-45c4-b4f0-4d5a2b9101a4,"Agri-Cover, Inc.",2,2016,1238
15197556,10000113,2016-06-29,da541c48-fae9-45c4-b4f0-4d5a2b9101a4,"Agri-Cover, Inc.",2,2016,1239
15197556,10000113,2016-06-29,da541c48-fae9-45c4-b4f0-4d5a2b9101a4,"Agri-Cover, Inc.",2,2016,1240
15197556,10000113,2016-06-29,da541c48-fae9-45c4-b4f0-4d5a2b9101a4,"Agri-Cover, Inc.",2,2016,1241
15245717,10000114,2016-08-24,64751025-f0b9-47ba-9e2d-0541623f1c5c,A.R.E. ACCESSORIES LLC,2,2016,1242
15245717,10000114,2016-08-24,64751025-f0b9-47ba-9e2d-0541623f1c5c,A.R.E. ACCESSORIES LLC,2,2016,1243
15245717,10000114,2016-08-24,64751025-f0b9-47ba-9e2d-0541623f1c5c,A.R.E. ACCESSORIES LLC,2,2016,1244
15245717,10000114,2016-08-24,64751025-f0b9-47ba-9e2d-0541623f1c5c,A.R.E. ACCESSORIES LLC,2,2016,1245
14710008,10000115,2015-05-12,582d40b7-d8b1-4d80-86d8-27e4bb06bdae,ZF Friedrichshafen AG,3,2015,1246
14710008,10000115,2015-05-12,582d40b7-d8b1-4d80-86d8-27e4bb06bdae,ZF Friedrichshafen AG,3,2015,1247
14710008,10000115,2015-05-12,582d40b7-d8b1-4d80-86d8-27e4bb06bdae,ZF Friedrichshafen AG,3,2015,1248
14710008,10000115,2015-05-12,582d40b7-d8b1-4d80-86d8-27e4bb06bdae,ZF Friedrichshafen AG,3,2015,1249
14710008,10000115,2015-05-12,582d40b7-d8b1-4d80-86d8-27e4bb06bdae,ZF Friedrichshafen AG,3,2015,1250
14710008,10000115,2015-05-12,582d40b7-d8b1-4d80-86d8-27e4bb06bdae,ZF Friedrichshafen AG,3,2015,1251
14710008,10000115,2015-05-12,582d40b7-d8b1-4d80-86d8-27e4bb06bdae,ZF Friedrichshafen AG,3,2015,1252
14710008,10000115,2015-05-12,582d40b7-d8b1-4d80-86d8-27e4bb06bdae,ZF Friedrichshafen AG,3,2015,1253
14710008,10000115,2015-05-12,582d40b7-d8b1-4d80-86d8-27e4bb06bdae,ZF Friedrichshafen AG,3,2015,1254
14710008,10000115,2015-05-12,582d40b7-d8b1-4d80-86d8-27e4bb06bdae,ZF Friedrichshafen AG,3,2015,1255
14710008,10000115,2015-05-12,582d40b7-d8b1-4d80-86d8-27e4bb06bdae,ZF Friedrichshafen AG,3,2015,1256
14710008,10000115,2015-05-12,582d40b7-d8b1-4d80-86d8-27e4bb06bdae,ZF Friedrichshafen AG,3,2015,1257
14710008,10000115,2015-05-12,582d40b7-d8b1-4d80-86d8-27e4bb06bdae,ZF Friedrichshafen AG,3,2015,1258
14710008,10000115,2015-05-12,582d40b7-d8b1-4d80-86d8-27e4bb06bdae,ZF Friedrichshafen AG,3,2015,1259
14710008,10000115,2015-05-12,582d40b7-d8b1-4d80-86d8-27e4bb06bdae,ZF Friedrichshafen AG,3,2015,1260
14710008,10000115,2015-05-12,582d40b7-d8b1-4d80-86d8-27e4bb06bdae,ZF Friedrichshafen AG,3,2015,1261
14710008,10000115,2015-05-12,582d40b7-d8b1-4d80-86d8-27e4bb06bdae,ZF Friedrichshafen AG,3,2015,1262
14710008,10000115,2015-05-12,582d40b7-d8b1-4d80-86d8-27e4bb06bdae,ZF Friedrichshafen AG,3,2015,1263
14710008,10000115,2015-05-12,582d40b7-d8b1-4d80-86d8-27e4bb06bdae,ZF Friedrichshafen AG,3,2015,1264
14710008,10000115,2015-05-12,582d40b7-d8b1-4d80-86d8-27e4bb06bdae,ZF Friedrichshafen AG,3,2015,1265
14710008,10000115,2015-05-12,582d40b7-d8b1-4d80-86d8-27e4bb06bdae,ZF Friedrichshafen AG,3,2015,1266
14710008,10000115,2015-05-12,582d40b7-d8b1-4d80-86d8-27e4bb06bdae,ZF Friedrichshafen AG,3,2015,1267
14710008,10000115,2015-05-12,582d40b7-d8b1-4d80-86d8-27e4bb06bdae,ZF Friedrichshafen AG,3,2015,1268
15303423,10000116,2015-04-06,8d855aaa-70eb-489b-90ee-7febd8885149,NIFCO INC.,3,2015,1269
15303423,10000116,2015-04-06,8d855aaa-70eb-489b-90ee-7febd8885149,NIFCO INC.,3,2015,1270
15303423,10000116,2015-04-06,8d855aaa-70eb-489b-90ee-7febd8885149,NIFCO INC.,3,2015,1271
15303423,10000116,2015-04-06,8d855aaa-70eb-489b-90ee-7febd8885149,NIFCO INC.,3,2015,1272
15303423,10000116,2015-04-06,8d855aaa-70eb-489b-90ee-7febd8885149,NIFCO INC.,3,2015,1273
15303423,10000116,2015-04-06,8d855aaa-70eb-489b-90ee-7febd8885149,NIFCO INC.,3,2015,1274
15303423,10000116,2015-04-06,8d855aaa-70eb-489b-90ee-7febd8885149,NIFCO INC.,3,2015,1275
15303423,10000116,2015-04-06,8d855aaa-70eb-489b-90ee-7febd8885149,NIFCO INC.,3,2015,1276
15303423,10000116,2015-04-06,8d855aaa-70eb-489b-90ee-7febd8885149,NIFCO INC.,3,2015,1277
15303423,10000116,2015-04-06,8d855aaa-70eb-489b-90ee-7febd8885149,NIFCO INC.,3,2015,1278
15412444,10000117,2017-01-23,e8050045-b3e6-450e-b6f7-8f6a46dd2fe5,Stant USA Corp.,2,2017,1279
15412444,10000117,2017-01-23,e8050045-b3e6-450e-b6f7-8f6a46dd2fe5,Stant USA Corp.,2,2017,1280
15412444,10000117,2017-01-23,e8050045-b3e6-450e-b6f7-8f6a46dd2fe5,Stant USA Corp.,2,2017,1281
15412444,10000117,2017-01-23,e8050045-b3e6-450e-b6f7-8f6a46dd2fe5,Stant USA Corp.,2,2017,1282
15412444,10000117,2017-01-23,e8050045-b3e6-450e-b6f7-8f6a46dd2fe5,Stant USA Corp.,2,2017,1283
15412444,10000117,2017-01-23,e8050045-b3e6-450e-b6f7-8f6a46dd2fe5,Stant USA Corp.,2,2017,1284
15412444,10000117,2017-01-23,e8050045-b3e6-450e-b6f7-8f6a46dd2fe5,Stant USA Corp.,2,2017,1285
15412444,10000117,2017-01-23,e8050045-b3e6-450e-b6f7-8f6a46dd2fe5,Stant USA Corp.,2,2017,1286
15412444,10000117,2017-01-23,e8050045-b3e6-450e-b6f7-8f6a46dd2fe5,Stant USA Corp.,2,2017,1287
15412444,10000117,2017-01-23,e8050045-b3e6-450e-b6f7-8f6a46dd2fe5,Stant USA Corp.,2,2017,1288
15302879,10000118,2015-03-30,22415075-99ef-4ac0-af0d-b2b55c4eca1d,"NISSAN MOTOR CO., LTD.",3,2015,1289
15302879,10000118,2015-03-30,22415075-99ef-4ac0-af0d-b2b55c4eca1d,"NISSAN MOTOR CO., LTD.",3,2015,1290
15302879,10000118,2015-03-30,22415075-99ef-4ac0-af0d-b2b55c4eca1d,"NISSAN MOTOR CO., LTD.",3,2015,1291
15302879,10000118,2015-03-30,22415075-99ef-4ac0-af0d-b2b55c4eca1d,"NISSAN MOTOR CO., LTD.",3,2015,1292
15302879,10000118,2015-03-30,22415075-99ef-4ac0-af0d-b2b55c4eca1d,"NISSAN MOTOR CO., LTD.",3,2015,1293
15302879,10000118,2015-03-30,22415075-99ef-4ac0-af0d-b2b55c4eca1d,"NISSAN MOTOR CO., LTD.",3,2015,1294
15302879,10000118,2015-03-30,22415075-99ef-4ac0-af0d-b2b55c4eca1d,"NISSAN MOTOR CO., LTD.",3,2015,1295
15302879,10000118,2015-03-30,22415075-99ef-4ac0-af0d-b2b55c4eca1d,"NISSAN MOTOR CO., LTD.",3,2015,1296
15302879,10000118,2015-03-30,22415075-99ef-4ac0-af0d-b2b55c4eca1d,"NISSAN MOTOR CO., LTD.",3,2015,1297
15302879,10000118,2015-03-30,22415075-99ef-4ac0-af0d-b2b55c4eca1d,"NISSAN MOTOR CO., LTD.",3,2015,1298
15302879,10000118,2015-03-30,22415075-99ef-4ac0-af0d-b2b55c4eca1d,"NISSAN MOTOR CO., LTD.",3,2015,1299
15302879,10000118,2015-03-30,22415075-99ef-4ac0-af0d-b2b55c4eca1d,"NISSAN MOTOR CO., LTD.",3,2015,1300
15302879,10000118,2015-03-30,22415075-99ef-4ac0-af0d-b2b55c4eca1d,"NISSAN MOTOR CO., LTD.",3,2015,1301
15302879,10000118,2015-03-30,22415075-99ef-4ac0-af0d-b2b55c4eca1d,"NISSAN MOTOR CO., LTD.",3,2015,1302
15302879,10000118,2015-03-30,22415075-99ef-4ac0-af0d-b2b55c4eca1d,"NISSAN MOTOR CO., LTD.",3,2015,1303
15302879,10000118,2015-03-30,22415075-99ef-4ac0-af0d-b2b55c4eca1d,"NISSAN MOTOR CO., LTD.",3,2015,1304
15302879,10000118,2015-03-30,22415075-99ef-4ac0-af0d-b2b55c4eca1d,"NISSAN MOTOR CO., LTD.",3,2015,1305
15302879,10000118,2015-03-30,22415075-99ef-4ac0-af0d-b2b55c4eca1d,"NISSAN MOTOR CO., LTD.",3,2015,1306
15302879,10000118,2015-03-30,22415075-99ef-4ac0-af0d-b2b55c4eca1d,"NISSAN MOTOR CO., LTD.",3,2015,1307
15302879,10000118,2015-03-30,22415075-99ef-4ac0-af0d-b2b55c4eca1d,"NISSAN MOTOR CO., LTD.",3,2015,1308
15302879,10000118,2015-03-30,22415075-99ef-4ac0-af0d-b2b55c4eca1d,"NISSAN MOTOR CO., LTD.",3,2015,1309
15302879,10000118,2015-03-30,22415075-99ef-4ac0-af0d-b2b55c4eca1d,"NISSAN MOTOR CO., LTD.",3,2015,1310
15302879,10000118,2015-03-30,22415075-99ef-4ac0-af0d-b2b55c4eca1d,"NISSAN MOTOR CO., LTD.",3,2015,1311
15302879,10000118,2015-03-30,22415075-99ef-4ac0-af0d-b2b55c4eca1d,"NISSAN MOTOR CO., LTD.",3,2015,1312
15302879,10000118,2015-03-30,22415075-99ef-4ac0-af0d-b2b55c4eca1d,"NISSAN MOTOR CO., LTD.",3,2015,1313
14641757,10000120,2015-03-09,7984fbc6-ff83-4cdd-bdd2-bd6c7ddda2ac,KUBOTA CORPORATION,3,2015,1314
14641757,10000120,2015-03-09,7984fbc6-ff83-4cdd-bdd2-bd6c7ddda2ac,KUBOTA CORPORATION,3,2015,1315
14641757,10000120,2015-03-09,7984fbc6-ff83-4cdd-bdd2-bd6c7ddda2ac,KUBOTA CORPORATION,3,2015,1316
14641757,10000120,2015-03-09,7984fbc6-ff83-4cdd-bdd2-bd6c7ddda2ac,KUBOTA CORPORATION,3,2015,1317
14641757,10000120,2015-03-09,7984fbc6-ff83-4cdd-bdd2-bd6c7ddda2ac,KUBOTA CORPORATION,3,2015,1318
14992058,10000121,2016-01-11,70bc8f5d-16b3-4788-a673-e86303ef064f,"HAND HELD PRODUCTS, INC.",2,2016,1319
14992058,10000121,2016-01-11,70bc8f5d-16b3-4788-a673-e86303ef064f,"HAND HELD PRODUCTS, INC.",2,2016,1320
14992058,10000121,2016-01-11,70bc8f5d-16b3-4788-a673-e86303ef064f,"HAND HELD PRODUCTS, INC.",2,2016,1321
14992058,10000121,2016-01-11,70bc8f5d-16b3-4788-a673-e86303ef064f,"HAND HELD PRODUCTS, INC.",2,2016,1322
14992058,10000121,2016-01-11,70bc8f5d-16b3-4788-a673-e86303ef064f,"HAND HELD PRODUCTS, INC.",2,2016,1323
14992058,10000121,2016-01-11,70bc8f5d-16b3-4788-a673-e86303ef064f,"HAND HELD PRODUCTS, INC.",2,2016,1324
14992058,10000121,2016-01-11,70bc8f5d-16b3-4788-a673-e86303ef064f,"HAND HELD PRODUCTS, INC.",2,2016,1325
14992058,10000121,2016-01-11,70bc8f5d-16b3-4788-a673-e86303ef064f,"HAND HELD PRODUCTS, INC.",2,2016,1326
14992058,10000121,2016-01-11,70bc8f5d-16b3-4788-a673-e86303ef064f,"HAND HELD PRODUCTS, INC.",2,2016,1327
15300594,10000122,2015-03-23,458471f5-ecbc-4d88-a0c9-d9cbb772c020,Siemens Aktiengesellschaft,3,2015,1328
15300594,10000122,2015-03-23,458471f5-ecbc-4d88-a0c9-d9cbb772c020,Siemens Aktiengesellschaft,3,2015,1329
15300594,10000122,2015-03-23,458471f5-ecbc-4d88-a0c9-d9cbb772c020,Siemens Aktiengesellschaft,3,2015,1330
15300594,10000122,2015-03-23,458471f5-ecbc-4d88-a0c9-d9cbb772c020,Siemens Aktiengesellschaft,3,2015,1331
15300594,10000122,2015-03-23,458471f5-ecbc-4d88-a0c9-d9cbb772c020,Siemens Aktiengesellschaft,3,2015,1332
15300594,10000122,2015-03-23,458471f5-ecbc-4d88-a0c9-d9cbb772c020,Siemens Aktiengesellschaft,3,2015,1333
15300594,10000122,2015-03-23,458471f5-ecbc-4d88-a0c9-d9cbb772c020,Siemens Aktiengesellschaft,3,2015,1334
15300594,10000122,2015-03-23,458471f5-ecbc-4d88-a0c9-d9cbb772c020,Siemens Aktiengesellschaft,3,2015,1335
15300594,10000122,2015-03-23,458471f5-ecbc-4d88-a0c9-d9cbb772c020,Siemens Aktiengesellschaft,3,2015,1336
15300594,10000122,2015-03-23,458471f5-ecbc-4d88-a0c9-d9cbb772c020,Siemens Aktiengesellschaft,3,2015,1337
15300594,10000122,2015-03-23,458471f5-ecbc-4d88-a0c9-d9cbb772c020,Siemens Aktiengesellschaft,3,2015,1338
15300594,10000122,2015-03-23,458471f5-ecbc-4d88-a0c9-d9cbb772c020,Siemens Aktiengesellschaft,3,2015,1339
15300594,10000122,2015-03-23,458471f5-ecbc-4d88-a0c9-d9cbb772c020,Siemens Aktiengesellschaft,3,2015,1340
15300594,10000122,2015-03-23,458471f5-ecbc-4d88-a0c9-d9cbb772c020,Siemens Aktiengesellschaft,3,2015,1341
15300594,10000122,2015-03-23,458471f5-ecbc-4d88-a0c9-d9cbb772c020,Siemens Aktiengesellschaft,3,2015,1342
15300594,10000122,2015-03-23,458471f5-ecbc-4d88-a0c9-d9cbb772c020,Siemens Aktiengesellschaft,3,2015,1343
15459771,10000123,2017-03-15,988c4cc2-ff64-4c33-801c-35bd79ee9657,Toyota Jidosha Kabushiki Kaisha,3,2017,1344
15459771,10000123,2017-03-15,988c4cc2-ff64-4c33-801c-35bd79ee9657,Toyota Jidosha Kabushiki Kaisha,3,2017,1345
15459771,10000123,2017-03-15,988c4cc2-ff64-4c33-801c-35bd79ee9657,Toyota Jidosha Kabushiki Kaisha,3,2017,1346
15459771,10000123,2017-03-15,988c4cc2-ff64-4c33-801c-35bd79ee9657,Toyota Jidosha Kabushiki Kaisha,3,2017,1347
15459771,10000123,2017-03-15,988c4cc2-ff64-4c33-801c-35bd79ee9657,Toyota Jidosha Kabushiki Kaisha,3,2017,1348
15459771,10000123,2017-03-15,988c4cc2-ff64-4c33-801c-35bd79ee9657,Toyota Jidosha Kabushiki Kaisha,3,2017,1349
15459771,10000123,2017-03-15,988c4cc2-ff64-4c33-801c-35bd79ee9657,Toyota Jidosha Kabushiki Kaisha,3,2017,1350
15459771,10000123,2017-03-15,988c4cc2-ff64-4c33-801c-35bd79ee9657,Toyota Jidosha Kabushiki Kaisha,3,2017,1351
15459771,10000123,2017-03-15,988c4cc2-ff64-4c33-801c-35bd79ee9657,Toyota Jidosha Kabushiki Kaisha,3,2017,1352
15459771,10000123,2017-03-15,988c4cc2-ff64-4c33-801c-35bd79ee9657,Toyota Jidosha Kabushiki Kaisha,3,2017,1353
15459771,10000123,2017-03-15,988c4cc2-ff64-4c33-801c-35bd79ee9657,Toyota Jidosha Kabushiki Kaisha,3,2017,1354
15459771,10000123,2017-03-15,988c4cc2-ff64-4c33-801c-35bd79ee9657,Toyota Jidosha Kabushiki Kaisha,3,2017,1355
15459771,10000123,2017-03-15,988c4cc2-ff64-4c33-801c-35bd79ee9657,Toyota Jidosha Kabushiki Kaisha,3,2017,1356
15459771,10000123,2017-03-15,988c4cc2-ff64-4c33-801c-35bd79ee9657,Toyota Jidosha Kabushiki Kaisha,3,2017,1357
15459771,10000123,2017-03-15,988c4cc2-ff64-4c33-801c-35bd79ee9657,Toyota Jidosha Kabushiki Kaisha,3,2017,1358
15459771,10000123,2017-03-15,988c4cc2-ff64-4c33-801c-35bd79ee9657,Toyota Jidosha Kabushiki Kaisha,3,2017,1359
14757015,10000124,2015-11-05,f04df109-1f3d-4ab9-8d90-dd563337ddab,"Zoox, Inc.",2,2015,1360
14757015,10000124,2015-11-05,f04df109-1f3d-4ab9-8d90-dd563337ddab,"Zoox, Inc.",2,2015,1361
14757015,10000124,2015-11-05,f04df109-1f3d-4ab9-8d90-dd563337ddab,"Zoox, Inc.",2,2015,1362
14757015,10000124,2015-11-05,f04df109-1f3d-4ab9-8d90-dd563337ddab,"Zoox, Inc.",2,2015,1363
14757015,10000124,2015-11-05,f04df109-1f3d-4ab9-8d90-dd563337ddab,"Zoox, Inc.",2,2015,1364
14757015,10000124,2015-11-05,f04df109-1f3d-4ab9-8d90-dd563337ddab,"Zoox, Inc.",2,2015,1365
14757015,10000124,2015-11-05,f04df109-1f3d-4ab9-8d90-dd563337ddab,"Zoox, Inc.",2,2015,1366
14757015,10000124,2015-11-05,f04df109-1f3d-4ab9-8d90-dd563337ddab,"Zoox, Inc.",2,2015,1367
14757015,10000124,2015-11-05,f04df109-1f3d-4ab9-8d90-dd563337ddab,"Zoox, Inc.",2,2015,1368
14757015,10000124,2015-11-05,f04df109-1f3d-4ab9-8d90-dd563337ddab,"Zoox, Inc.",2,2015,1369
14757015,10000124,2015-11-05,f04df109-1f3d-4ab9-8d90-dd563337ddab,"Zoox, Inc.",2,2015,1370
14757015,10000124,2015-11-05,f04df109-1f3d-4ab9-8d90-dd563337ddab,"Zoox, Inc.",2,2015,1371
14757015,10000124,2015-11-05,f04df109-1f3d-4ab9-8d90-dd563337ddab,"Zoox, Inc.",2,2015,1372
14757015,10000124,2015-11-05,f04df109-1f3d-4ab9-8d90-dd563337ddab,"Zoox, Inc.",2,2015,1373
14757015,10000124,2015-11-05,f04df109-1f3d-4ab9-8d90-dd563337ddab,"Zoox, Inc.",2,2015,1374
14757015,10000124,2015-11-05,f04df109-1f3d-4ab9-8d90-dd563337ddab,"Zoox, Inc.",2,2015,1375
14757015,10000124,2015-11-05,f04df109-1f3d-4ab9-8d90-dd563337ddab,"Zoox, Inc.",2,2015,1376
14757015,10000124,2015-11-05,f04df109-1f3d-4ab9-8d90-dd563337ddab,"Zoox, Inc.",2,2015,1377
14757015,10000124,2015-11-05,f04df109-1f3d-4ab9-8d90-dd563337ddab,"Zoox, Inc.",2,2015,1378
14757015,10000124,2015-11-05,f04df109-1f3d-4ab9-8d90-dd563337ddab,"Zoox, Inc.",2,2015,1379
14757015,10000124,2015-11-05,f04df109-1f3d-4ab9-8d90-dd563337ddab,"Zoox, Inc.",2,2015,1380
14757015,10000124,2015-11-05,f04df109-1f3d-4ab9-8d90-dd563337ddab,"Zoox, Inc.",2,2015,1381
14757015,10000124,2015-11-05,f04df109-1f3d-4ab9-8d90-dd563337ddab,"Zoox, Inc.",2,2015,1382
14757015,10000124,2015-11-05,f04df109-1f3d-4ab9-8d90-dd563337ddab,"Zoox, Inc.",2,2015,1383
14757015,10000124,2015-11-05,f04df109-1f3d-4ab9-8d90-dd563337ddab,"Zoox, Inc.",2,2015,1384
14876074,10000125,2015-10-06,43b0e42c-353c-44b8-bc92-bd2421a2de0a,"HYUNDAI MOBIS CO., LTD.",3,2015,1385
14876074,10000125,2015-10-06,43b0e42c-353c-44b8-bc92-bd2421a2de0a,"HYUNDAI MOBIS CO., LTD.",3,2015,1386
14876074,10000125,2015-10-06,43b0e42c-353c-44b8-bc92-bd2421a2de0a,"HYUNDAI MOBIS CO., LTD.",3,2015,1387
14876074,10000125,2015-10-06,43b0e42c-353c-44b8-bc92-bd2421a2de0a,"HYUNDAI MOBIS CO., LTD.",3,2015,1388
14876074,10000125,2015-10-06,43b0e42c-353c-44b8-bc92-bd2421a2de0a,"HYUNDAI MOBIS CO., LTD.",3,2015,1389
14876074,10000125,2015-10-06,43b0e42c-353c-44b8-bc92-bd2421a2de0a,"HYUNDAI MOBIS CO., LTD.",3,2015,1390
14876074,10000125,2015-10-06,43b0e42c-353c-44b8-bc92-bd2421a2de0a,"HYUNDAI MOBIS CO., LTD.",3,2015,1391
14876074,10000125,2015-10-06,43b0e42c-353c-44b8-bc92-bd2421a2de0a,"HYUNDAI MOBIS CO., LTD.",3,2015,1392
14876074,10000125,2015-10-06,43b0e42c-353c-44b8-bc92-bd2421a2de0a,"HYUNDAI MOBIS CO., LTD.",3,2015,1393
14876074,10000125,2015-10-06,43b0e42c-353c-44b8-bc92-bd2421a2de0a,"HYUNDAI MOBIS CO., LTD.",3,2015,1394
14876074,10000125,2015-10-06,43b0e42c-353c-44b8-bc92-bd2421a2de0a,"HYUNDAI MOBIS CO., LTD.",3,2015,1395
14876074,10000125,2015-10-06,43b0e42c-353c-44b8-bc92-bd2421a2de0a,"HYUNDAI MOBIS CO., LTD.",3,2015,1396
14876074,10000125,2015-10-06,43b0e42c-353c-44b8-bc92-bd2421a2de0a,"HYUNDAI MOBIS CO., LTD.",3,2015,1397
14876074,10000125,2015-10-06,43b0e42c-353c-44b8-bc92-bd2421a2de0a,"HYUNDAI MOBIS CO., LTD.",3,2015,1398
14876074,10000125,2015-10-06,43b0e42c-353c-44b8-bc92-bd2421a2de0a,"HYUNDAI MOBIS CO., LTD.",3,2015,1399
14687415,10000126,2015-04-15,d8bbbad9-f33d-4fec-822e-3b2b16676aa6,"Ford Global Technologies, LLC",2,2015,1400
14687415,10000126,2015-04-15,d8bbbad9-f33d-4fec-822e-3b2b16676aa6,"Ford Global Technologies, LLC",2,2015,1401
14687415,10000126,2015-04-15,d8bbbad9-f33d-4fec-822e-3b2b16676aa6,"Ford Global Technologies, LLC",2,2015,1402
14687415,10000126,2015-04-15,d8bbbad9-f33d-4fec-822e-3b2b16676aa6,"Ford Global Technologies, LLC",2,2015,1403
14687415,10000126,2015-04-15,d8bbbad9-f33d-4fec-822e-3b2b16676aa6,"Ford Global Technologies, LLC",2,2015,1404
14687415,10000126,2015-04-15,d8bbbad9-f33d-4fec-822e-3b2b16676aa6,"Ford Global Technologies, LLC",2,2015,1405
15308608,10000127,2015-05-28,9f5d6d2d-71ed-47be-aa51-43cde0843aa8,"ADVANCED HIGH POWER MULTI (ACT/XE) SOURCE ENERGY SCIENCE-TECH CO., LTD.",3,2015,1406
15308608,10000127,2015-05-28,9f5d6d2d-71ed-47be-aa51-43cde0843aa8,"ADVANCED HIGH POWER MULTI (ACT/XE) SOURCE ENERGY SCIENCE-TECH CO., LTD.",3,2015,1407
15308608,10000127,2015-05-28,9f5d6d2d-71ed-47be-aa51-43cde0843aa8,"ADVANCED HIGH POWER MULTI (ACT/XE) SOURCE ENERGY SCIENCE-TECH CO., LTD.",3,2015,1408
15308608,10000127,2015-05-28,9f5d6d2d-71ed-47be-aa51-43cde0843aa8,"ADVANCED HIGH POWER MULTI (ACT/XE) SOURCE ENERGY SCIENCE-TECH CO., LTD.",3,2015,1409
15308608,10000127,2015-05-28,9f5d6d2d-71ed-47be-aa51-43cde0843aa8,"ADVANCED HIGH POWER MULTI (ACT/XE) SOURCE ENERGY SCIENCE-TECH CO., LTD.",3,2015,1410
15308608,10000127,2015-05-28,9f5d6d2d-71ed-47be-aa51-43cde0843aa8,"ADVANCED HIGH POWER MULTI (ACT/XE) SOURCE ENERGY SCIENCE-TECH CO., LTD.",3,2015,1411
15308608,10000127,2015-05-28,9f5d6d2d-71ed-47be-aa51-43cde0843aa8,"ADVANCED HIGH POWER MULTI (ACT/XE) SOURCE ENERGY SCIENCE-TECH CO., LTD.",3,2015,1412
15308608,10000127,2015-05-28,9f5d6d2d-71ed-47be-aa51-43cde0843aa8,"ADVANCED HIGH POWER MULTI (ACT/XE) SOURCE ENERGY SCIENCE-TECH CO., LTD.",3,2015,1413
15308608,10000127,2015-05-28,9f5d6d2d-71ed-47be-aa51-43cde0843aa8,"ADVANCED HIGH POWER MULTI (ACT/XE) SOURCE ENERGY SCIENCE-TECH CO., LTD.",3,2015,1414
15308608,10000127,2015-05-28,9f5d6d2d-71ed-47be-aa51-43cde0843aa8,"ADVANCED HIGH POWER MULTI (ACT/XE) SOURCE ENERGY SCIENCE-TECH CO., LTD.",3,2015,1415
15308608,10000127,2015-05-28,9f5d6d2d-71ed-47be-aa51-43cde0843aa8,"ADVANCED HIGH POWER MULTI (ACT/XE) SOURCE ENERGY SCIENCE-TECH CO., LTD.",3,2015,1416
15308608,10000127,2015-05-28,9f5d6d2d-71ed-47be-aa51-43cde0843aa8,"ADVANCED HIGH POWER MULTI (ACT/XE) SOURCE ENERGY SCIENCE-TECH CO., LTD.",3,2015,1417
15308608,10000127,2015-05-28,9f5d6d2d-71ed-47be-aa51-43cde0843aa8,"ADVANCED HIGH POWER MULTI (ACT/XE) SOURCE ENERGY SCIENCE-TECH CO., LTD.",3,2015,1418
15308608,10000127,2015-05-28,9f5d6d2d-71ed-47be-aa51-43cde0843aa8,"ADVANCED HIGH POWER MULTI (ACT/XE) SOURCE ENERGY SCIENCE-TECH CO., LTD.",3,2015,1419
15308608,10000127,2015-05-28,9f5d6d2d-71ed-47be-aa51-43cde0843aa8,"ADVANCED HIGH POWER MULTI (ACT/XE) SOURCE ENERGY SCIENCE-TECH CO., LTD.",3,2015,1420
15308608,10000127,2015-05-28,9f5d6d2d-71ed-47be-aa51-43cde0843aa8,"ADVANCED HIGH POWER MULTI (ACT/XE) SOURCE ENERGY SCIENCE-TECH CO., LTD.",3,2015,1421
15308608,10000127,2015-05-28,9f5d6d2d-71ed-47be-aa51-43cde0843aa8,"ADVANCED HIGH POWER MULTI (ACT/XE) SOURCE ENERGY SCIENCE-TECH CO., LTD.",3,2015,1422
15308608,10000127,2015-05-28,9f5d6d2d-71ed-47be-aa51-43cde0843aa8,"ADVANCED HIGH POWER MULTI (ACT/XE) SOURCE ENERGY SCIENCE-TECH CO., LTD.",3,2015,1423
15308608,10000127,2015-05-28,9f5d6d2d-71ed-47be-aa51-43cde0843aa8,"ADVANCED HIGH POWER MULTI (ACT/XE) SOURCE ENERGY SCIENCE-TECH CO., LTD.",3,2015,1424
15308608,10000127,2015-05-28,9f5d6d2d-71ed-47be-aa51-43cde0843aa8,"ADVANCED HIGH POWER MULTI (ACT/XE) SOURCE ENERGY SCIENCE-TECH CO., LTD.",3,2015,1425
15308608,10000127,2015-05-28,9f5d6d2d-71ed-47be-aa51-43cde0843aa8,"ADVANCED HIGH POWER MULTI (ACT/XE) SOURCE ENERGY SCIENCE-TECH CO., LTD.",3,2015,1426
15308608,10000127,2015-05-28,9f5d6d2d-71ed-47be-aa51-43cde0843aa8,"ADVANCED HIGH POWER MULTI (ACT/XE) SOURCE ENERGY SCIENCE-TECH CO., LTD.",3,2015,1427
13582470,10000128,2011-03-11,d6bacdd2-c247-452d-bc9e-cbf8e5b146af,"Liberty Plugins, Inc.",2,2011,1428
13582470,10000128,2011-03-11,d6bacdd2-c247-452d-bc9e-cbf8e5b146af,"Liberty Plugins, Inc.",2,2011,1429
13582470,10000128,2011-03-11,d6bacdd2-c247-452d-bc9e-cbf8e5b146af,"Liberty Plugins, Inc.",2,2011,1430
13582470,10000128,2011-03-11,d6bacdd2-c247-452d-bc9e-cbf8e5b146af,"Liberty Plugins, Inc.",2,2011,1431
13582470,10000128,2011-03-11,d6bacdd2-c247-452d-bc9e-cbf8e5b146af,"Liberty Plugins, Inc.",2,2011,1432
13582470,10000128,2011-03-11,d6bacdd2-c247-452d-bc9e-cbf8e5b146af,"Liberty Plugins, Inc.",2,2011,1433
13582470,10000128,2011-03-11,d6bacdd2-c247-452d-bc9e-cbf8e5b146af,"Liberty Plugins, Inc.",2,2011,1434
13582470,10000128,2011-03-11,d6bacdd2-c247-452d-bc9e-cbf8e5b146af,"Liberty Plugins, Inc.",2,2011,1435
13582470,10000128,2011-03-11,d6bacdd2-c247-452d-bc9e-cbf8e5b146af,"Liberty Plugins, Inc.",2,2011,1436
13582470,10000128,2011-03-11,d6bacdd2-c247-452d-bc9e-cbf8e5b146af,"Liberty Plugins, Inc.",2,2011,1437
13582470,10000128,2011-03-11,d6bacdd2-c247-452d-bc9e-cbf8e5b146af,"Liberty Plugins, Inc.",2,2011,1438
13582470,10000128,2011-03-11,d6bacdd2-c247-452d-bc9e-cbf8e5b146af,"Liberty Plugins, Inc.",2,2011,1439
13582470,10000128,2011-03-11,d6bacdd2-c247-452d-bc9e-cbf8e5b146af,"Liberty Plugins, Inc.",2,2011,1440
13582470,10000128,2011-03-11,d6bacdd2-c247-452d-bc9e-cbf8e5b146af,"Liberty Plugins, Inc.",2,2011,1441
13582470,10000128,2011-03-11,d6bacdd2-c247-452d-bc9e-cbf8e5b146af,"Liberty Plugins, Inc.",2,2011,1442
13582470,10000128,2011-03-11,d6bacdd2-c247-452d-bc9e-cbf8e5b146af,"Liberty Plugins, Inc.",2,2011,1443
13582470,10000128,2011-03-11,d6bacdd2-c247-452d-bc9e-cbf8e5b146af,"Liberty Plugins, Inc.",2,2011,1444
13582470,10000128,2011-03-11,d6bacdd2-c247-452d-bc9e-cbf8e5b146af,"Liberty Plugins, Inc.",2,2011,1445
13582470,10000128,2011-03-11,d6bacdd2-c247-452d-bc9e-cbf8e5b146af,"Liberty Plugins, Inc.",2,2011,1446
13582470,10000128,2011-03-11,d6bacdd2-c247-452d-bc9e-cbf8e5b146af,"Liberty Plugins, Inc.",2,2011,1447
13582470,10000128,2011-03-11,d6bacdd2-c247-452d-bc9e-cbf8e5b146af,"Liberty Plugins, Inc.",2,2011,1448
13582470,10000128,2011-03-11,d6bacdd2-c247-452d-bc9e-cbf8e5b146af,"Liberty Plugins, Inc.",2,2011,1449
13582470,10000128,2011-03-11,d6bacdd2-c247-452d-bc9e-cbf8e5b146af,"Liberty Plugins, Inc.",2,2011,1450
14800095,10000129,2015-07-15,d8bbbad9-f33d-4fec-822e-3b2b16676aa6,"Ford Global Technologies, LLC",2,2015,1451
14800095,10000129,2015-07-15,d8bbbad9-f33d-4fec-822e-3b2b16676aa6,"Ford Global Technologies, LLC",2,2015,1452
14800095,10000129,2015-07-15,d8bbbad9-f33d-4fec-822e-3b2b16676aa6,"Ford Global Technologies, LLC",2,2015,1453
14800095,10000129,2015-07-15,d8bbbad9-f33d-4fec-822e-3b2b16676aa6,"Ford Global Technologies, LLC",2,2015,1454
14800095,10000129,2015-07-15,d8bbbad9-f33d-4fec-822e-3b2b16676aa6,"Ford Global Technologies, LLC",2,2015,1455
14800095,10000129,2015-07-15,d8bbbad9-f33d-4fec-822e-3b2b16676aa6,"Ford Global Technologies, LLC",2,2015,1456
14800095,10000129,2015-07-15,d8bbbad9-f33d-4fec-822e-3b2b16676aa6,"Ford Global Technologies, LLC",2,2015,1457
14800095,10000129,2015-07-15,d8bbbad9-f33d-4fec-822e-3b2b16676aa6,"Ford Global Technologies, LLC",2,2015,1458
14800095,10000129,2015-07-15,d8bbbad9-f33d-4fec-822e-3b2b16676aa6,"Ford Global Technologies, LLC",2,2015,1459
14800095,10000129,2015-07-15,d8bbbad9-f33d-4fec-822e-3b2b16676aa6,"Ford Global Technologies, LLC",2,2015,1460
15144816,10000130,2016-05-03,99a5f7cf-80a8-4406-bad3-c9fdb196413e,XI'AN TGOOD INTELLIGENT CHARGING TECHNOLOGY CO. LTD,3,2016,1461
15144816,10000130,2016-05-03,99a5f7cf-80a8-4406-bad3-c9fdb196413e,XI'AN TGOOD INTELLIGENT CHARGING TECHNOLOGY CO. LTD,3,2016,1462
15144816,10000130,2016-05-03,99a5f7cf-80a8-4406-bad3-c9fdb196413e,XI'AN TGOOD INTELLIGENT CHARGING TECHNOLOGY CO. LTD,3,2016,1463
15144816,10000130,2016-05-03,99a5f7cf-80a8-4406-bad3-c9fdb196413e,XI'AN TGOOD INTELLIGENT CHARGING TECHNOLOGY CO. LTD,3,2016,1464
15144816,10000130,2016-05-03,99a5f7cf-80a8-4406-bad3-c9fdb196413e,XI'AN TGOOD INTELLIGENT CHARGING TECHNOLOGY CO. LTD,3,2016,1465
15144816,10000130,2016-05-03,99a5f7cf-80a8-4406-bad3-c9fdb196413e,XI'AN TGOOD INTELLIGENT CHARGING TECHNOLOGY CO. LTD,3,2016,1466
15144816,10000130,2016-05-03,99a5f7cf-80a8-4406-bad3-c9fdb196413e,XI'AN TGOOD INTELLIGENT CHARGING TECHNOLOGY CO. LTD,3,2016,1467
15144816,10000130,2016-05-03,99a5f7cf-80a8-4406-bad3-c9fdb196413e,XI'AN TGOOD INTELLIGENT CHARGING TECHNOLOGY CO. LTD,3,2016,1468
15144816,10000130,2016-05-03,99a5f7cf-80a8-4406-bad3-c9fdb196413e,XI'AN TGOOD INTELLIGENT CHARGING TECHNOLOGY CO. LTD,3,2016,1469
15144816,10000130,2016-05-03,99a5f7cf-80a8-4406-bad3-c9fdb196413e,XI'AN TGOOD INTELLIGENT CHARGING TECHNOLOGY CO. LTD,3,2016,1470
15144816,10000130,2016-05-03,99a5f7cf-80a8-4406-bad3-c9fdb196413e,XI'AN TGOOD INTELLIGENT CHARGING TECHNOLOGY CO. LTD,3,2016,1471
15144816,10000130,2016-05-03,99a5f7cf-80a8-4406-bad3-c9fdb196413e,XI'AN TGOOD INTELLIGENT CHARGING TECHNOLOGY CO. LTD,3,2016,1472
15144816,10000130,2016-05-03,99a5f7cf-80a8-4406-bad3-c9fdb196413e,XI'AN TGOOD INTELLIGENT CHARGING TECHNOLOGY CO. LTD,3,2016,1473
15144816,10000130,2016-05-03,99a5f7cf-80a8-4406-bad3-c9fdb196413e,XI'AN TGOOD INTELLIGENT CHARGING TECHNOLOGY CO. LTD,3,2016,1474
15144816,10000130,2016-05-03,99a5f7cf-80a8-4406-bad3-c9fdb196413e,XI'AN TGOOD INTELLIGENT CHARGING TECHNOLOGY CO. LTD,3,2016,1475
15144816,10000130,2016-05-03,99a5f7cf-80a8-4406-bad3-c9fdb196413e,XI'AN TGOOD INTELLIGENT CHARGING TECHNOLOGY CO. LTD,3,2016,1476
15144816,10000130,2016-05-03,99a5f7cf-80a8-4406-bad3-c9fdb196413e,XI'AN TGOOD INTELLIGENT CHARGING TECHNOLOGY CO. LTD,3,2016,1477
15144816,10000130,2016-05-03,99a5f7cf-80a8-4406-bad3-c9fdb196413e,XI'AN TGOOD INTELLIGENT CHARGING TECHNOLOGY CO. LTD,3,2016,1478
15144816,10000130,2016-05-03,99a5f7cf-80a8-4406-bad3-c9fdb196413e,XI'AN TGOOD INTELLIGENT CHARGING TECHNOLOGY CO. LTD,3,2016,1479
15144816,10000130,2016-05-03,99a5f7cf-80a8-4406-bad3-c9fdb196413e,XI'AN TGOOD INTELLIGENT CHARGING TECHNOLOGY CO. LTD,3,2016,1480
15144816,10000130,2016-05-03,99a5f7cf-80a8-4406-bad3-c9fdb196413e,XI'AN TGOOD INTELLIGENT CHARGING TECHNOLOGY CO. LTD,3,2016,1481
15144816,10000130,2016-05-03,99a5f7cf-80a8-4406-bad3-c9fdb196413e,XI'AN TGOOD INTELLIGENT CHARGING TECHNOLOGY CO. LTD,3,2016,1482
15144816,10000130,2016-05-03,99a5f7cf-80a8-4406-bad3-c9fdb196413e,XI'AN TGOOD INTELLIGENT CHARGING TECHNOLOGY CO. LTD,3,2016,1483
15144816,10000130,2016-05-03,99a5f7cf-80a8-4406-bad3-c9fdb196413e,XI'AN TGOOD INTELLIGENT CHARGING TECHNOLOGY CO. LTD,3,2016,1484
15144816,10000130,2016-05-03,99a5f7cf-80a8-4406-bad3-c9fdb196413e,XI'AN TGOOD INTELLIGENT CHARGING TECHNOLOGY CO. LTD,3,2016,1485
15637040,10000131,2017-06-29,4fe8670a-fd91-4a90-abba-5c20173c471b,JAGUAR LAND ROVER LIMITED,3,2017,1486
15637040,10000131,2017-06-29,4fe8670a-fd91-4a90-abba-5c20173c471b,JAGUAR LAND ROVER LIMITED,3,2017,1487
15637040,10000131,2017-06-29,4fe8670a-fd91-4a90-abba-5c20173c471b,JAGUAR LAND ROVER LIMITED,3,2017,1488
15637040,10000131,2017-06-29,4fe8670a-fd91-4a90-abba-5c20173c471b,JAGUAR LAND ROVER LIMITED,3,2017,1489
15637040,10000131,2017-06-29,4fe8670a-fd91-4a90-abba-5c20173c471b,JAGUAR LAND ROVER LIMITED,3,2017,1490
15637040,10000131,2017-06-29,4fe8670a-fd91-4a90-abba-5c20173c471b,JAGUAR LAND ROVER LIMITED,3,2017,1491
15637040,10000131,2017-06-29,4fe8670a-fd91-4a90-abba-5c20173c471b,JAGUAR LAND ROVER LIMITED,3,2017,1492
15637040,10000131,2017-06-29,4fe8670a-fd91-4a90-abba-5c20173c471b,JAGUAR LAND ROVER LIMITED,3,2017,1493
15637040,10000131,2017-06-29,4fe8670a-fd91-4a90-abba-5c20173c471b,JAGUAR LAND ROVER LIMITED,3,2017,1494
15637040,10000131,2017-06-29,4fe8670a-fd91-4a90-abba-5c20173c471b,JAGUAR LAND ROVER LIMITED,3,2017,1495
15637040,10000131,2017-06-29,4fe8670a-fd91-4a90-abba-5c20173c471b,JAGUAR LAND ROVER LIMITED,3,2017,1496
15637040,10000131,2017-06-29,4fe8670a-fd91-4a90-abba-5c20173c471b,JAGUAR LAND ROVER LIMITED,3,2017,1497
15637040,10000131,2017-06-29,4fe8670a-fd91-4a90-abba-5c20173c471b,JAGUAR LAND ROVER LIMITED,3,2017,1498
15637040,10000131,2017-06-29,4fe8670a-fd91-4a90-abba-5c20173c471b,JAGUAR LAND ROVER LIMITED,3,2017,1499
15049184,10000132,2016-02-22,d8bbbad9-f33d-4fec-822e-3b2b16676aa6,"Ford Global Technologies, LLC",2,2016,1500
15049184,10000132,2016-02-22,d8bbbad9-f33d-4fec-822e-3b2b16676aa6,"Ford Global Technologies, LLC",2,2016,1501
15049184,10000132,2016-02-22,d8bbbad9-f33d-4fec-822e-3b2b16676aa6,"Ford Global Technologies, LLC",2,2016,1502
15049184,10000132,2016-02-22,d8bbbad9-f33d-4fec-822e-3b2b16676aa6,"Ford Global Technologies, LLC",2,2016,1503
15049184,10000132,2016-02-22,d8bbbad9-f33d-4fec-822e-3b2b16676aa6,"Ford Global Technologies, LLC",2,2016,1504
15049184,10000132,2016-02-22,d8bbbad9-f33d-4fec-822e-3b2b16676aa6,"Ford Global Technologies, LLC",2,2016,1505
15049184,10000132,2016-02-22,d8bbbad9-f33d-4fec-822e-3b2b16676aa6,"Ford Global Technologies, LLC",2,2016,1506
15049184,10000132,2016-02-22,d8bbbad9-f33d-4fec-822e-3b2b16676aa6,"Ford Global Technologies, LLC",2,2016,1507
15049184,10000132,2016-02-22,d8bbbad9-f33d-4fec-822e-3b2b16676aa6,"Ford Global Technologies, LLC",2,2016,1508
15049184,10000132,2016-02-22,d8bbbad9-f33d-4fec-822e-3b2b16676aa6,"Ford Global Technologies, LLC",2,2016,1509
15049184,10000132,2016-02-22,d8bbbad9-f33d-4fec-822e-3b2b16676aa6,"Ford Global Technologies, LLC",2,2016,1510
15049184,10000132,2016-02-22,d8bbbad9-f33d-4fec-822e-3b2b16676aa6,"Ford Global Technologies, LLC",2,2016,1511
15049184,10000132,2016-02-22,d8bbbad9-f33d-4fec-822e-3b2b16676aa6,"Ford Global Technologies, LLC",2,2016,1512
15049184,10000132,2016-02-22,d8bbbad9-f33d-4fec-822e-3b2b16676aa6,"Ford Global Technologies, LLC",2,2016,1513
15134136,10000133,2016-04-20,3c87fd22-7886-4f67-96e2-47a6acd81f93,QUALCOMM INCORPORATED,2,2016,1514
15134136,10000133,2016-04-20,3c87fd22-7886-4f67-96e2-47a6acd81f93,QUALCOMM INCORPORATED,2,2016,1515
15134136,10000133,2016-04-20,3c87fd22-7886-4f67-96e2-47a6acd81f93,QUALCOMM INCORPORATED,2,2016,1516
15134136,10000133,2016-04-20,3c87fd22-7886-4f67-96e2-47a6acd81f93,QUALCOMM INCORPORATED,2,2016,1517
15134136,10000133,2016-04-20,3c87fd22-7886-4f67-96e2-47a6acd81f93,QUALCOMM INCORPORATED,2,2016,1518
15134136,10000133,2016-04-20,3c87fd22-7886-4f67-96e2-47a6acd81f93,QUALCOMM INCORPORATED,2,2016,1519
15134136,10000133,2016-04-20,3c87fd22-7886-4f67-96e2-47a6acd81f93,QUALCOMM INCORPORATED,2,2016,1520
15134136,10000133,2016-04-20,3c87fd22-7886-4f67-96e2-47a6acd81f93,QUALCOMM INCORPORATED,2,2016,1521
15134136,10000133,2016-04-20,3c87fd22-7886-4f67-96e2-47a6acd81f93,QUALCOMM INCORPORATED,2,2016,1522
15134136,10000133,2016-04-20,3c87fd22-7886-4f67-96e2-47a6acd81f93,QUALCOMM INCORPORATED,2,2016,1523
15134136,10000133,2016-04-20,3c87fd22-7886-4f67-96e2-47a6acd81f93,QUALCOMM INCORPORATED,2,2016,1524
15134136,10000133,2016-04-20,3c87fd22-7886-4f67-96e2-47a6acd81f93,QUALCOMM INCORPORATED,2,2016,1525
15134136,10000133,2016-04-20,3c87fd22-7886-4f67-96e2-47a6acd81f93,QUALCOMM INCORPORATED,2,2016,1526
15134136,10000133,2016-04-20,3c87fd22-7886-4f67-96e2-47a6acd81f93,QUALCOMM INCORPORATED,2,2016,1527
15082475,10000134,2016-03-28,3a28d9e7-967c-41a2-95cb-a886e718f945,"DENSO International America, Inc.",2,2016,1528
15082475,10000134,2016-03-28,3a28d9e7-967c-41a2-95cb-a886e718f945,"DENSO International America, Inc.",2,2016,1529
15082475,10000134,2016-03-28,3a28d9e7-967c-41a2-95cb-a886e718f945,"DENSO International America, Inc.",2,2016,1530
15082475,10000134,2016-03-28,3a28d9e7-967c-41a2-95cb-a886e718f945,"DENSO International America, Inc.",2,2016,1531
15082475,10000134,2016-03-28,3a28d9e7-967c-41a2-95cb-a886e718f945,"DENSO International America, Inc.",2,2016,1532
15082475,10000134,2016-03-28,3a28d9e7-967c-41a2-95cb-a886e718f945,"DENSO International America, Inc.",2,2016,1533
15082475,10000134,2016-03-28,3a28d9e7-967c-41a2-95cb-a886e718f945,"DENSO International America, Inc.",2,2016,1534
15082475,10000134,2016-03-28,3a28d9e7-967c-41a2-95cb-a886e718f945,"DENSO International America, Inc.",2,2016,1535
15082475,10000134,2016-03-28,3a28d9e7-967c-41a2-95cb-a886e718f945,"DENSO International America, Inc.",2,2016,1536
15082475,10000134,2016-03-28,3a28d9e7-967c-41a2-95cb-a886e718f945,"DENSO International America, Inc.",2,2016,1537
15082475,10000134,2016-03-28,3a28d9e7-967c-41a2-95cb-a886e718f945,"DENSO International America, Inc.",2,2016,1538
15082475,10000134,2016-03-28,3a28d9e7-967c-41a2-95cb-a886e718f945,"DENSO International America, Inc.",2,2016,1539
15082475,10000134,2016-03-28,3a28d9e7-967c-41a2-95cb-a886e718f945,"DENSO International America, Inc.",2,2016,1540
15082475,10000134,2016-03-28,3a28d9e7-967c-41a2-95cb-a886e718f945,"DENSO International America, Inc.",2,2016,1541
15082475,10000134,2016-03-28,3a28d9e7-967c-41a2-95cb-a886e718f945,"DENSO International America, Inc.",2,2016,1542
15082475,10000134,2016-03-28,3a28d9e7-967c-41a2-95cb-a886e718f945,"DENSO International America, Inc.",2,2016,1543
15082475,10000134,2016-03-28,3a28d9e7-967c-41a2-95cb-a886e718f945,"DENSO International America, Inc.",2,2016,1544
15082475,10000134,2016-03-28,0ef9341d-58df-463d-8d98-3818cd057654,The Regents of the University of Michigan,2,2016,1545
15082475,10000134,2016-03-28,0ef9341d-58df-463d-8d98-3818cd057654,The Regents of the University of Michigan,2,2016,1546
15082475,10000134,2016-03-28,0ef9341d-58df-463d-8d98-3818cd057654,The Regents of the University of Michigan,2,2016,1547
15082475,10000134,2016-03-28,0ef9341d-58df-463d-8d98-3818cd057654,The Regents of the University of Michigan,2,2016,1548
15082475,10000134,2016-03-28,0ef9341d-58df-463d-8d98-3818cd057654,The Regents of the University of Michigan,2,2016,1549
15082475,10000134,2016-03-28,0ef9341d-58df-463d-8d98-3818cd057654,The Regents of the University of Michigan,2,2016,1550
15082475,10000134,2016-03-28,0ef9341d-58df-463d-8d98-3818cd057654,The Regents of the University of Michigan,2,2016,1551
15082475,10000134,2016-03-28,0ef9341d-58df-463d-8d98-3818cd057654,The Regents of the University of Michigan,2,2016,1552
15082475,10000134,2016-03-28,0ef9341d-58df-463d-8d98-3818cd057654,The Regents of the University of Michigan,2,2016,1553
15082475,10000134,2016-03-28,0ef9341d-58df-463d-8d98-3818cd057654,The Regents of the University of Michigan,2,2016,1554
15082475,10000134,2016-03-28,0ef9341d-58df-463d-8d98-3818cd057654,The Regents of the University of Michigan,2,2016,1555
15082475,10000134,2016-03-28,0ef9341d-58df-463d-8d98-3818cd057654,The Regents of the University of Michigan,2,2016,1556
15082475,10000134,2016-03-28,0ef9341d-58df-463d-8d98-3818cd057654,The Regents of the University of Michigan,2,2016,1557
15082475,10000134,2016-03-28,0ef9341d-58df-463d-8d98-3818cd057654,The Regents of the University of Michigan,2,2016,1558
15082475,10000134,2016-03-28,0ef9341d-58df-463d-8d98-3818cd057654,The Regents of the University of Michigan,2,2016,1559
15082475,10000134,2016-03-28,0ef9341d-58df-463d-8d98-3818cd057654,The Regents of the University of Michigan,2,2016,1560
15082475,10000134,2016-03-28,0ef9341d-58df-463d-8d98-3818cd057654,The Regents of the University of Michigan,2,2016,1561
15025706,10000135,2013-09-30,22415075-99ef-4ac0-af0d-b2b55c4eca1d,"NISSAN MOTOR CO., LTD.",3,2013,1562
15025706,10000135,2013-09-30,22415075-99ef-4ac0-af0d-b2b55c4eca1d,"NISSAN MOTOR CO., LTD.",3,2013,1563
15025706,10000135,2013-09-30,22415075-99ef-4ac0-af0d-b2b55c4eca1d,"NISSAN MOTOR CO., LTD.",3,2013,1564
15025706,10000135,2013-09-30,22415075-99ef-4ac0-af0d-b2b55c4eca1d,"NISSAN MOTOR CO., LTD.",3,2013,1565
15025706,10000135,2013-09-30,22415075-99ef-4ac0-af0d-b2b55c4eca1d,"NISSAN MOTOR CO., LTD.",3,2013,1566
15025706,10000135,2013-09-30,22415075-99ef-4ac0-af0d-b2b55c4eca1d,"NISSAN MOTOR CO., LTD.",3,2013,1567
15025706,10000135,2013-09-30,22415075-99ef-4ac0-af0d-b2b55c4eca1d,"NISSAN MOTOR CO., LTD.",3,2013,1568
15025706,10000135,2013-09-30,22415075-99ef-4ac0-af0d-b2b55c4eca1d,"NISSAN MOTOR CO., LTD.",3,2013,1569
15025706,10000135,2013-09-30,22415075-99ef-4ac0-af0d-b2b55c4eca1d,"NISSAN MOTOR CO., LTD.",3,2013,1570
15025706,10000135,2013-09-30,22415075-99ef-4ac0-af0d-b2b55c4eca1d,"NISSAN MOTOR CO., LTD.",3,2013,1571
15025706,10000135,2013-09-30,22415075-99ef-4ac0-af0d-b2b55c4eca1d,"NISSAN MOTOR CO., LTD.",3,2013,1572
15025706,10000135,2013-09-30,22415075-99ef-4ac0-af0d-b2b55c4eca1d,"NISSAN MOTOR CO., LTD.",3,2013,1573
15025706,10000135,2013-09-30,22415075-99ef-4ac0-af0d-b2b55c4eca1d,"NISSAN MOTOR CO., LTD.",3,2013,1574
15025706,10000135,2013-09-30,22415075-99ef-4ac0-af0d-b2b55c4eca1d,"NISSAN MOTOR CO., LTD.",3,2013,1575
15025706,10000135,2013-09-30,22415075-99ef-4ac0-af0d-b2b55c4eca1d,"NISSAN MOTOR CO., LTD.",3,2013,1576
15025706,10000135,2013-09-30,22415075-99ef-4ac0-af0d-b2b55c4eca1d,"NISSAN MOTOR CO., LTD.",3,2013,1577
15025706,10000135,2013-09-30,22415075-99ef-4ac0-af0d-b2b55c4eca1d,"NISSAN MOTOR CO., LTD.",3,2013,1578
15025706,10000135,2013-09-30,22415075-99ef-4ac0-af0d-b2b55c4eca1d,"NISSAN MOTOR CO., LTD.",3,2013,1579
15025706,10000135,2013-09-30,22415075-99ef-4ac0-af0d-b2b55c4eca1d,"NISSAN MOTOR CO., LTD.",3,2013,1580
15244640,10000136,2016-08-23,51e44c82-55a2-45ae-9aa2-61accca039b8,KIA MOTORS CORPORATION,3,2016,1581
15244640,10000136,2016-08-23,51e44c82-55a2-45ae-9aa2-61accca039b8,KIA MOTORS CORPORATION,3,2016,1582
15244640,10000136,2016-08-23,51e44c82-55a2-45ae-9aa2-61accca039b8,KIA MOTORS CORPORATION,3,2016,1583
15244640,10000136,2016-08-23,51e44c82-55a2-45ae-9aa2-61accca039b8,KIA MOTORS CORPORATION,3,2016,1584
15244640,10000136,2016-08-23,51e44c82-55a2-45ae-9aa2-61accca039b8,KIA MOTORS CORPORATION,3,2016,1585
15244640,10000136,2016-08-23,51e44c82-55a2-45ae-9aa2-61accca039b8,KIA MOTORS CORPORATION,3,2016,1586
15244640,10000136,2016-08-23,51e44c82-55a2-45ae-9aa2-61accca039b8,KIA MOTORS CORPORATION,3,2016,1587
15244640,10000136,2016-08-23,51e44c82-55a2-45ae-9aa2-61accca039b8,KIA MOTORS CORPORATION,3,2016,1588
15244640,10000136,2016-08-23,51e44c82-55a2-45ae-9aa2-61accca039b8,KIA MOTORS CORPORATION,3,2016,1589
15244640,10000136,2016-08-23,51e44c82-55a2-45ae-9aa2-61accca039b8,KIA MOTORS CORPORATION,3,2016,1590
15244640,10000136,2016-08-23,51e44c82-55a2-45ae-9aa2-61accca039b8,KIA MOTORS CORPORATION,3,2016,1591
15244640,10000136,2016-08-23,51e44c82-55a2-45ae-9aa2-61accca039b8,KIA MOTORS CORPORATION,3,2016,1592
15244640,10000136,2016-08-23,51e44c82-55a2-45ae-9aa2-61accca039b8,KIA MOTORS CORPORATION,3,2016,1593
15244640,10000136,2016-08-23,51e44c82-55a2-45ae-9aa2-61accca039b8,KIA MOTORS CORPORATION,3,2016,1594
15244640,10000136,2016-08-23,51e44c82-55a2-45ae-9aa2-61accca039b8,KIA MOTORS CORPORATION,3,2016,1595
15244640,10000136,2016-08-23,51e44c82-55a2-45ae-9aa2-61accca039b8,KIA MOTORS CORPORATION,3,2016,1596
15244640,10000136,2016-08-23,51e44c82-55a2-45ae-9aa2-61accca039b8,KIA MOTORS CORPORATION,3,2016,1597
15244640,10000136,2016-08-23,51e44c82-55a2-45ae-9aa2-61accca039b8,KIA MOTORS CORPORATION,3,2016,1598
15244640,10000136,2016-08-23,51e44c82-55a2-45ae-9aa2-61accca039b8,KIA MOTORS CORPORATION,3,2016,1599
15244640,10000136,2016-08-23,51e44c82-55a2-45ae-9aa2-61accca039b8,KIA MOTORS CORPORATION,3,2016,1600
15244640,10000136,2016-08-23,51e44c82-55a2-45ae-9aa2-61accca039b8,KIA MOTORS CORPORATION,3,2016,1601
15244640,10000136,2016-08-23,51e44c82-55a2-45ae-9aa2-61accca039b8,KIA MOTORS CORPORATION,3,2016,1602
15244640,10000136,2016-08-23,51e44c82-55a2-45ae-9aa2-61accca039b8,KIA MOTORS CORPORATION,3,2016,1603
15244640,10000136,2016-08-23,51e44c82-55a2-45ae-9aa2-61accca039b8,KIA MOTORS CORPORATION,3,2016,1604
15244640,10000136,2016-08-23,8305bb42-4345-40e3-8663-d9a5a5ab82ba,HYUNDAI MOTOR COMPANY,3,2016,1605
15244640,10000136,2016-08-23,8305bb42-4345-40e3-8663-d9a5a5ab82ba,HYUNDAI MOTOR COMPANY,3,2016,1606
15244640,10000136,2016-08-23,8305bb42-4345-40e3-8663-d9a5a5ab82ba,HYUNDAI MOTOR COMPANY,3,2016,1607
15244640,10000136,2016-08-23,8305bb42-4345-40e3-8663-d9a5a5ab82ba,HYUNDAI MOTOR COMPANY,3,2016,1608
15244640,10000136,2016-08-23,8305bb42-4345-40e3-8663-d9a5a5ab82ba,HYUNDAI MOTOR COMPANY,3,2016,1609
15244640,10000136,2016-08-23,8305bb42-4345-40e3-8663-d9a5a5ab82ba,HYUNDAI MOTOR COMPANY,3,2016,1610
15244640,10000136,2016-08-23,8305bb42-4345-40e3-8663-d9a5a5ab82ba,HYUNDAI MOTOR COMPANY,3,2016,1611
15244640,10000136,2016-08-23,8305bb42-4345-40e3-8663-d9a5a5ab82ba,HYUNDAI MOTOR COMPANY,3,2016,1612
15244640,10000136,2016-08-23,8305bb42-4345-40e3-8663-d9a5a5ab82ba,HYUNDAI MOTOR COMPANY,3,2016,1613
15244640,10000136,2016-08-23,8305bb42-4345-40e3-8663-d9a5a5ab82ba,HYUNDAI MOTOR COMPANY,3,2016,1614
15244640,10000136,2016-08-23,8305bb42-4345-40e3-8663-d9a5a5ab82ba,HYUNDAI MOTOR COMPANY,3,2016,1615
15244640,10000136,2016-08-23,8305bb42-4345-40e3-8663-d9a5a5ab82ba,HYUNDAI MOTOR COMPANY,3,2016,1616
15244640,10000136,2016-08-23,8305bb42-4345-40e3-8663-d9a5a5ab82ba,HYUNDAI MOTOR COMPANY,3,2016,1617
15244640,10000136,2016-08-23,8305bb42-4345-40e3-8663-d9a5a5ab82ba,HYUNDAI MOTOR COMPANY,3,2016,1618
15244640,10000136,2016-08-23,8305bb42-4345-40e3-8663-d9a5a5ab82ba,HYUNDAI MOTOR COMPANY,3,2016,1619
15244640,10000136,2016-08-23,8305bb42-4345-40e3-8663-d9a5a5ab82ba,HYUNDAI MOTOR COMPANY,3,2016,1620
15244640,10000136,2016-08-23,8305bb42-4345-40e3-8663-d9a5a5ab82ba,HYUNDAI MOTOR COMPANY,3,2016,1621
15244640,10000136,2016-08-23,8305bb42-4345-40e3-8663-d9a5a5ab82ba,HYUNDAI MOTOR COMPANY,3,2016,1622
15244640,10000136,2016-08-23,8305bb42-4345-40e3-8663-d9a5a5ab82ba,HYUNDAI MOTOR COMPANY,3,2016,1623
15244640,10000136,2016-08-23,8305bb42-4345-40e3-8663-d9a5a5ab82ba,HYUNDAI MOTOR COMPANY,3,2016,1624
15244640,10000136,2016-08-23,8305bb42-4345-40e3-8663-d9a5a5ab82ba,HYUNDAI MOTOR COMPANY,3,2016,1625
15244640,10000136,2016-08-23,8305bb42-4345-40e3-8663-d9a5a5ab82ba,HYUNDAI MOTOR COMPANY,3,2016,1626
15244640,10000136,2016-08-23,8305bb42-4345-40e3-8663-d9a5a5ab82ba,HYUNDAI MOTOR COMPANY,3,2016,1627
15244640,10000136,2016-08-23,8305bb42-4345-40e3-8663-d9a5a5ab82ba,HYUNDAI MOTOR COMPANY,3,2016,1628
15109228,10000137,2014-12-03,988c4cc2-ff64-4c33-801c-35bd79ee9657,Toyota Jidosha Kabushiki Kaisha,3,2014,1629
15109228,10000137,2014-12-03,988c4cc2-ff64-4c33-801c-35bd79ee9657,Toyota Jidosha Kabushiki Kaisha,3,2014,1630
15109228,10000137,2014-12-03,988c4cc2-ff64-4c33-801c-35bd79ee9657,Toyota Jidosha Kabushiki Kaisha,3,2014,1631
15109228,10000137,2014-12-03,988c4cc2-ff64-4c33-801c-35bd79ee9657,Toyota Jidosha Kabushiki Kaisha,3,2014,1632
15109228,10000137,2014-12-03,988c4cc2-ff64-4c33-801c-35bd79ee9657,Toyota Jidosha Kabushiki Kaisha,3,2014,1633
15109228,10000137,2014-12-03,988c4cc2-ff64-4c33-801c-35bd79ee9657,Toyota Jidosha Kabushiki Kaisha,3,2014,1634
15109228,10000137,2014-12-03,988c4cc2-ff64-4c33-801c-35bd79ee9657,Toyota Jidosha Kabushiki Kaisha,3,2014,1635
15109228,10000137,2014-12-03,988c4cc2-ff64-4c33-801c-35bd79ee9657,Toyota Jidosha Kabushiki Kaisha,3,2014,1636
15109228,10000137,2014-12-03,988c4cc2-ff64-4c33-801c-35bd79ee9657,Toyota Jidosha Kabushiki Kaisha,3,2014,1637
15109228,10000137,2014-12-03,988c4cc2-ff64-4c33-801c-35bd79ee9657,Toyota Jidosha Kabushiki Kaisha,3,2014,1638
15171932,10000138,2016-06-02,2d2ae065-cb40-4cbb-ab83-9be6e5a73442,Subaru Corporation,3,2016,1639
15171932,10000138,2016-06-02,2d2ae065-cb40-4cbb-ab83-9be6e5a73442,Subaru Corporation,3,2016,1640
15171932,10000138,2016-06-02,2d2ae065-cb40-4cbb-ab83-9be6e5a73442,Subaru Corporation,3,2016,1641
15171932,10000138,2016-06-02,2d2ae065-cb40-4cbb-ab83-9be6e5a73442,Subaru Corporation,3,2016,1642
15171932,10000138,2016-06-02,2d2ae065-cb40-4cbb-ab83-9be6e5a73442,Subaru Corporation,3,2016,1643
15171932,10000138,2016-06-02,2d2ae065-cb40-4cbb-ab83-9be6e5a73442,Subaru Corporation,3,2016,1644
15171932,10000138,2016-06-02,2d2ae065-cb40-4cbb-ab83-9be6e5a73442,Subaru Corporation,3,2016,1645
15171932,10000138,2016-06-02,2d2ae065-cb40-4cbb-ab83-9be6e5a73442,Subaru Corporation,3,2016,1646
15171932,10000138,2016-06-02,2d2ae065-cb40-4cbb-ab83-9be6e5a73442,Subaru Corporation,3,2016,1647
15171932,10000138,2016-06-02,2d2ae065-cb40-4cbb-ab83-9be6e5a73442,Subaru Corporation,3,2016,1648
15171932,10000138,2016-06-02,2d2ae065-cb40-4cbb-ab83-9be6e5a73442,Subaru Corporation,3,2016,1649
15171932,10000138,2016-06-02,2d2ae065-cb40-4cbb-ab83-9be6e5a73442,Subaru Corporation,3,2016,1650
15171932,10000138,2016-06-02,2d2ae065-cb40-4cbb-ab83-9be6e5a73442,Subaru Corporation,3,2016,1651
15171932,10000138,2016-06-02,2d2ae065-cb40-4cbb-ab83-9be6e5a73442,Subaru Corporation,3,2016,1652
15171932,10000138,2016-06-02,2d2ae065-cb40-4cbb-ab83-9be6e5a73442,Subaru Corporation,3,2016,1653
15171932,10000138,2016-06-02,2d2ae065-cb40-4cbb-ab83-9be6e5a73442,Subaru Corporation,3,2016,1654
15171932,10000138,2016-06-02,2d2ae065-cb40-4cbb-ab83-9be6e5a73442,Subaru Corporation,3,2016,1655
15171932,10000138,2016-06-02,2d2ae065-cb40-4cbb-ab83-9be6e5a73442,Subaru Corporation,3,2016,1656
14555867,10000139,2014-11-28,8305bb42-4345-40e3-8663-d9a5a5ab82ba,HYUNDAI MOTOR COMPANY,3,2014,1657
14555867,10000139,2014-11-28,8305bb42-4345-40e3-8663-d9a5a5ab82ba,HYUNDAI MOTOR COMPANY,3,2014,1658
14555867,10000139,2014-11-28,8305bb42-4345-40e3-8663-d9a5a5ab82ba,HYUNDAI MOTOR COMPANY,3,2014,1659
14555867,10000139,2014-11-28,8305bb42-4345-40e3-8663-d9a5a5ab82ba,HYUNDAI MOTOR COMPANY,3,2014,1660
14555867,10000139,2014-11-28,8305bb42-4345-40e3-8663-d9a5a5ab82ba,HYUNDAI MOTOR COMPANY,3,2014,1661
14555867,10000139,2014-11-28,8305bb42-4345-40e3-8663-d9a5a5ab82ba,HYUNDAI MOTOR COMPANY,3,2014,1662
14555867,10000139,2014-11-28,8305bb42-4345-40e3-8663-d9a5a5ab82ba,HYUNDAI MOTOR COMPANY,3,2014,1663
14555867,10000139,2014-11-28,8305bb42-4345-40e3-8663-d9a5a5ab82ba,HYUNDAI MOTOR COMPANY,3,2014,1664
14555867,10000139,2014-11-28,8305bb42-4345-40e3-8663-d9a5a5ab82ba,HYUNDAI MOTOR COMPANY,3,2014,1665
14555867,10000139,2014-11-28,8305bb42-4345-40e3-8663-d9a5a5ab82ba,HYUNDAI MOTOR COMPANY,3,2014,1666
14555867,10000139,2014-11-28,8305bb42-4345-40e3-8663-d9a5a5ab82ba,HYUNDAI MOTOR COMPANY,3,2014,1667
14555867,10000139,2014-11-28,8305bb42-4345-40e3-8663-d9a5a5ab82ba,HYUNDAI MOTOR COMPANY,3,2014,1668
14555867,10000139,2014-11-28,8305bb42-4345-40e3-8663-d9a5a5ab82ba,HYUNDAI MOTOR COMPANY,3,2014,1669
14555867,10000139,2014-11-28,8305bb42-4345-40e3-8663-d9a5a5ab82ba,HYUNDAI MOTOR COMPANY,3,2014,1670
14555867,10000139,2014-11-28,8305bb42-4345-40e3-8663-d9a5a5ab82ba,HYUNDAI MOTOR COMPANY,3,2014,1671
14555867,10000139,2014-11-28,8305bb42-4345-40e3-8663-d9a5a5ab82ba,HYUNDAI MOTOR COMPANY,3,2014,1672
14701045,10000140,2015-04-30,8305bb42-4345-40e3-8663-d9a5a5ab82ba,HYUNDAI MOTOR COMPANY,3,2015,1673
14701045,10000140,2015-04-30,8305bb42-4345-40e3-8663-d9a5a5ab82ba,HYUNDAI MOTOR COMPANY,3,2015,1674
14701045,10000140,2015-04-30,8305bb42-4345-40e3-8663-d9a5a5ab82ba,HYUNDAI MOTOR COMPANY,3,2015,1675
14701045,10000140,2015-04-30,8305bb42-4345-40e3-8663-d9a5a5ab82ba,HYUNDAI MOTOR COMPANY,3,2015,1676
14701045,10000140,2015-04-30,8305bb42-4345-40e3-8663-d9a5a5ab82ba,HYUNDAI MOTOR COMPANY,3,2015,1677
14701045,10000140,2015-04-30,8305bb42-4345-40e3-8663-d9a5a5ab82ba,HYUNDAI MOTOR COMPANY,3,2015,1678
14701045,10000140,2015-04-30,8305bb42-4345-40e3-8663-d9a5a5ab82ba,HYUNDAI MOTOR COMPANY,3,2015,1679
14701045,10000140,2015-04-30,8305bb42-4345-40e3-8663-d9a5a5ab82ba,HYUNDAI MOTOR COMPANY,3,2015,1680
14701045,10000140,2015-04-30,8305bb42-4345-40e3-8663-d9a5a5ab82ba,HYUNDAI MOTOR COMPANY,3,2015,1681
14701045,10000140,2015-04-30,8305bb42-4345-40e3-8663-d9a5a5ab82ba,HYUNDAI MOTOR COMPANY,3,2015,1682
14701045,10000140,2015-04-30,8305bb42-4345-40e3-8663-d9a5a5ab82ba,HYUNDAI MOTOR COMPANY,3,2015,1683
14701045,10000140,2015-04-30,8305bb42-4345-40e3-8663-d9a5a5ab82ba,HYUNDAI MOTOR COMPANY,3,2015,1684
14701045,10000140,2015-04-30,8305bb42-4345-40e3-8663-d9a5a5ab82ba,HYUNDAI MOTOR COMPANY,3,2015,1685
14701045,10000140,2015-04-30,8305bb42-4345-40e3-8663-d9a5a5ab82ba,HYUNDAI MOTOR COMPANY,3,2015,1686
14701045,10000140,2015-04-30,8305bb42-4345-40e3-8663-d9a5a5ab82ba,HYUNDAI MOTOR COMPANY,3,2015,1687
14701045,10000140,2015-04-30,8305bb42-4345-40e3-8663-d9a5a5ab82ba,HYUNDAI MOTOR COMPANY,3,2015,1688
14701045,10000140,2015-04-30,8305bb42-4345-40e3-8663-d9a5a5ab82ba,HYUNDAI MOTOR COMPANY,3,2015,1689
14701045,10000140,2015-04-30,8305bb42-4345-40e3-8663-d9a5a5ab82ba,HYUNDAI MOTOR COMPANY,3,2015,1690
14701045,10000140,2015-04-30,8305bb42-4345-40e3-8663-d9a5a5ab82ba,HYUNDAI MOTOR COMPANY,3,2015,1691
14701045,10000140,2015-04-30,8305bb42-4345-40e3-8663-d9a5a5ab82ba,HYUNDAI MOTOR COMPANY,3,2015,1692
14701045,10000140,2015-04-30,8305bb42-4345-40e3-8663-d9a5a5ab82ba,HYUNDAI MOTOR COMPANY,3,2015,1693
15095252,10000141,2016-04-11,8305bb42-4345-40e3-8663-d9a5a5ab82ba,HYUNDAI MOTOR COMPANY,3,2016,1694
15095252,10000141,2016-04-11,8305bb42-4345-40e3-8663-d9a5a5ab82ba,HYUNDAI MOTOR COMPANY,3,2016,1695
15095252,10000141,2016-04-11,8305bb42-4345-40e3-8663-d9a5a5ab82ba,HYUNDAI MOTOR COMPANY,3,2016,1696
15095252,10000141,2016-04-11,8305bb42-4345-40e3-8663-d9a5a5ab82ba,HYUNDAI MOTOR COMPANY,3,2016,1697
15095252,10000141,2016-04-11,8305bb42-4345-40e3-8663-d9a5a5ab82ba,HYUNDAI MOTOR COMPANY,3,2016,1698
15095252,10000141,2016-04-11,8305bb42-4345-40e3-8663-d9a5a5ab82ba,HYUNDAI MOTOR COMPANY,3,2016,1699
15095252,10000141,2016-04-11,8305bb42-4345-40e3-8663-d9a5a5ab82ba,HYUNDAI MOTOR COMPANY,3,2016,1700
15095252,10000141,2016-04-11,8305bb42-4345-40e3-8663-d9a5a5ab82ba,HYUNDAI MOTOR COMPANY,3,2016,1701
15095252,10000141,2016-04-11,8305bb42-4345-40e3-8663-d9a5a5ab82ba,HYUNDAI MOTOR COMPANY,3,2016,1702
15095252,10000141,2016-04-11,8305bb42-4345-40e3-8663-d9a5a5ab82ba,HYUNDAI MOTOR COMPANY,3,2016,1703
15095252,10000141,2016-04-11,8305bb42-4345-40e3-8663-d9a5a5ab82ba,HYUNDAI MOTOR COMPANY,3,2016,1704
15095252,10000141,2016-04-11,8305bb42-4345-40e3-8663-d9a5a5ab82ba,HYUNDAI MOTOR COMPANY,3,2016,1705
15095252,10000141,2016-04-11,8305bb42-4345-40e3-8663-d9a5a5ab82ba,HYUNDAI MOTOR COMPANY,3,2016,1706
15095252,10000141,2016-04-11,8305bb42-4345-40e3-8663-d9a5a5ab82ba,HYUNDAI MOTOR COMPANY,3,2016,1707
15095252,10000141,2016-04-11,8305bb42-4345-40e3-8663-d9a5a5ab82ba,HYUNDAI MOTOR COMPANY,3,2016,1708
15095252,10000141,2016-04-11,8305bb42-4345-40e3-8663-d9a5a5ab82ba,HYUNDAI MOTOR COMPANY,3,2016,1709
15095252,10000141,2016-04-11,8305bb42-4345-40e3-8663-d9a5a5ab82ba,HYUNDAI MOTOR COMPANY,3,2016,1710
15095252,10000141,2016-04-11,8305bb42-4345-40e3-8663-d9a5a5ab82ba,HYUNDAI MOTOR COMPANY,3,2016,1711
15262252,10000144,2016-09-12,67383104-c474-4af1-9868-000e96aa1e72,MINETEC S.A.,3,2016,1712
15262252,10000144,2016-09-12,67383104-c474-4af1-9868-000e96aa1e72,MINETEC S.A.,3,2016,1713
15262252,10000144,2016-09-12,67383104-c474-4af1-9868-000e96aa1e72,MINETEC S.A.,3,2016,1714
15559995,10000149,2015-04-09,2e42c519-81d7-4d31-ac00-9642ac93dc75,"MINATO SEIKI IRON WORKS CO., LTD.",3,2015,1715
15559995,10000149,2015-04-09,2e42c519-81d7-4d31-ac00-9642ac93dc75,"MINATO SEIKI IRON WORKS CO., LTD.",3,2015,1716
15559995,10000149,2015-04-09,2e42c519-81d7-4d31-ac00-9642ac93dc75,"MINATO SEIKI IRON WORKS CO., LTD.",3,2015,1717
15559995,10000149,2015-04-09,2e42c519-81d7-4d31-ac00-9642ac93dc75,"MINATO SEIKI IRON WORKS CO., LTD.",3,2015,1718
15686520,10000150,2017-08-25,150e6c08-d294-4fe7-8b25-cd16283fb998,"KOITO MANUFACTURING CO., LTD.",3,2017,1719
15686520,10000150,2017-08-25,150e6c08-d294-4fe7-8b25-cd16283fb998,"KOITO MANUFACTURING CO., LTD.",3,2017,1720
15686520,10000150,2017-08-25,150e6c08-d294-4fe7-8b25-cd16283fb998,"KOITO MANUFACTURING CO., LTD.",3,2017,1721
15686520,10000150,2017-08-25,150e6c08-d294-4fe7-8b25-cd16283fb998,"KOITO MANUFACTURING CO., LTD.",3,2017,1722
15686520,10000150,2017-08-25,150e6c08-d294-4fe7-8b25-cd16283fb998,"KOITO MANUFACTURING CO., LTD.",3,2017,1723
15686520,10000150,2017-08-25,150e6c08-d294-4fe7-8b25-cd16283fb998,"KOITO MANUFACTURING CO., LTD.",3,2017,1724
15686520,10000150,2017-08-25,150e6c08-d294-4fe7-8b25-cd16283fb998,"KOITO MANUFACTURING CO., LTD.",3,2017,1725
15045439,10000151,2016-02-17,a55a097e-0b67-4f31-8736-e3bdcaa46d44,Valeo Vision,3,2016,1726
15045439,10000151,2016-02-17,a55a097e-0b67-4f31-8736-e3bdcaa46d44,Valeo Vision,3,2016,1727
15045439,10000151,2016-02-17,a55a097e-0b67-4f31-8736-e3bdcaa46d44,Valeo Vision,3,2016,1728
15045439,10000151,2016-02-17,a55a097e-0b67-4f31-8736-e3bdcaa46d44,Valeo Vision,3,2016,1729
15045439,10000151,2016-02-17,a55a097e-0b67-4f31-8736-e3bdcaa46d44,Valeo Vision,3,2016,1730
15045439,10000151,2016-02-17,a55a097e-0b67-4f31-8736-e3bdcaa46d44,Valeo Vision,3,2016,1731
15045439,10000151,2016-02-17,a55a097e-0b67-4f31-8736-e3bdcaa46d44,Valeo Vision,3,2016,1732
15045439,10000151,2016-02-17,a55a097e-0b67-4f31-8736-e3bdcaa46d44,Valeo Vision,3,2016,1733
15045439,10000151,2016-02-17,a55a097e-0b67-4f31-8736-e3bdcaa46d44,Valeo Vision,3,2016,1734
15045439,10000151,2016-02-17,a55a097e-0b67-4f31-8736-e3bdcaa46d44,Valeo Vision,3,2016,1735
15045439,10000151,2016-02-17,a55a097e-0b67-4f31-8736-e3bdcaa46d44,Valeo Vision,3,2016,1736
15045439,10000151,2016-02-17,a55a097e-0b67-4f31-8736-e3bdcaa46d44,Valeo Vision,3,2016,1737
15045439,10000151,2016-02-17,a55a097e-0b67-4f31-8736-e3bdcaa46d44,Valeo Vision,3,2016,1738
15045439,10000151,2016-02-17,a55a097e-0b67-4f31-8736-e3bdcaa46d44,Valeo Vision,3,2016,1739
15789221,10000152,2017-10-20,4128c980-0239-47ee-b4a9-f374dfa1e37a,"Advanced Sonic Alert Technologies, LLC",2,2017,1740
15789221,10000152,2017-10-20,4128c980-0239-47ee-b4a9-f374dfa1e37a,"Advanced Sonic Alert Technologies, LLC",2,2017,1741
15789221,10000152,2017-10-20,4128c980-0239-47ee-b4a9-f374dfa1e37a,"Advanced Sonic Alert Technologies, LLC",2,2017,1742
15789221,10000152,2017-10-20,4128c980-0239-47ee-b4a9-f374dfa1e37a,"Advanced Sonic Alert Technologies, LLC",2,2017,1743
15789221,10000152,2017-10-20,4128c980-0239-47ee-b4a9-f374dfa1e37a,"Advanced Sonic Alert Technologies, LLC",2,2017,1744
15789221,10000152,2017-10-20,4128c980-0239-47ee-b4a9-f374dfa1e37a,"Advanced Sonic Alert Technologies, LLC",2,2017,1745
15789221,10000152,2017-10-20,4128c980-0239-47ee-b4a9-f374dfa1e37a,"Advanced Sonic Alert Technologies, LLC",2,2017,1746
15789221,10000152,2017-10-20,4128c980-0239-47ee-b4a9-f374dfa1e37a,"Advanced Sonic Alert Technologies, LLC",2,2017,1747
15789221,10000152,2017-10-20,4128c980-0239-47ee-b4a9-f374dfa1e37a,"Advanced Sonic Alert Technologies, LLC",2,2017,1748
15789221,10000152,2017-10-20,4128c980-0239-47ee-b4a9-f374dfa1e37a,"Advanced Sonic Alert Technologies, LLC",2,2017,1749
15789221,10000152,2017-10-20,4128c980-0239-47ee-b4a9-f374dfa1e37a,"Advanced Sonic Alert Technologies, LLC",2,2017,1750
15693116,10000153,2017-08-31,0d64e7ca-4388-4122-a407-0193d6bb2429,"HONDA MOTOR CO., LTD.",3,2017,1751
15693116,10000153,2017-08-31,0d64e7ca-4388-4122-a407-0193d6bb2429,"HONDA MOTOR CO., LTD.",3,2017,1752
15693116,10000153,2017-08-31,0d64e7ca-4388-4122-a407-0193d6bb2429,"HONDA MOTOR CO., LTD.",3,2017,1753
15693116,10000153,2017-08-31,0d64e7ca-4388-4122-a407-0193d6bb2429,"HONDA MOTOR CO., LTD.",3,2017,1754
15693116,10000153,2017-08-31,0d64e7ca-4388-4122-a407-0193d6bb2429,"HONDA MOTOR CO., LTD.",3,2017,1755
15693116,10000153,2017-08-31,0d64e7ca-4388-4122-a407-0193d6bb2429,"HONDA MOTOR CO., LTD.",3,2017,1756
15693116,10000153,2017-08-31,0d64e7ca-4388-4122-a407-0193d6bb2429,"HONDA MOTOR CO., LTD.",3,2017,1757
15693116,10000153,2017-08-31,0d64e7ca-4388-4122-a407-0193d6bb2429,"HONDA MOTOR CO., LTD.",3,2017,1758
14454306,10000154,2014-08-07,d8bbbad9-f33d-4fec-822e-3b2b16676aa6,"Ford Global Technologies, LLC",2,2014,1759
14454306,10000154,2014-08-07,d8bbbad9-f33d-4fec-822e-3b2b16676aa6,"Ford Global Technologies, LLC",2,2014,1760
14454306,10000154,2014-08-07,d8bbbad9-f33d-4fec-822e-3b2b16676aa6,"Ford Global Technologies, LLC",2,2014,1761
14454306,10000154,2014-08-07,d8bbbad9-f33d-4fec-822e-3b2b16676aa6,"Ford Global Technologies, LLC",2,2014,1762
14454306,10000154,2014-08-07,d8bbbad9-f33d-4fec-822e-3b2b16676aa6,"Ford Global Technologies, LLC",2,2014,1763
14454306,10000154,2014-08-07,d8bbbad9-f33d-4fec-822e-3b2b16676aa6,"Ford Global Technologies, LLC",2,2014,1764
14454306,10000154,2014-08-07,d8bbbad9-f33d-4fec-822e-3b2b16676aa6,"Ford Global Technologies, LLC",2,2014,1765
14454306,10000154,2014-08-07,d8bbbad9-f33d-4fec-822e-3b2b16676aa6,"Ford Global Technologies, LLC",2,2014,1766
14454306,10000154,2014-08-07,d8bbbad9-f33d-4fec-822e-3b2b16676aa6,"Ford Global Technologies, LLC",2,2014,1767
14454306,10000154,2014-08-07,d8bbbad9-f33d-4fec-822e-3b2b16676aa6,"Ford Global Technologies, LLC",2,2014,1768
14454306,10000154,2014-08-07,d8bbbad9-f33d-4fec-822e-3b2b16676aa6,"Ford Global Technologies, LLC",2,2014,1769
14454306,10000154,2014-08-07,d8bbbad9-f33d-4fec-822e-3b2b16676aa6,"Ford Global Technologies, LLC",2,2014,1770
14454306,10000154,2014-08-07,d8bbbad9-f33d-4fec-822e-3b2b16676aa6,"Ford Global Technologies, LLC",2,2014,1771
14906329,10000155,2014-07-01,21b372a4-611b-415e-abbf-586cfe080194,Application Solutions (Electronics and Vision) Ltd.,3,2014,1772
14906329,10000155,2014-07-01,21b372a4-611b-415e-abbf-586cfe080194,Application Solutions (Electronics and Vision) Ltd.,3,2014,1773
14906329,10000155,2014-07-01,21b372a4-611b-415e-abbf-586cfe080194,Application Solutions (Electronics and Vision) Ltd.,3,2014,1774
14906329,10000155,2014-07-01,21b372a4-611b-415e-abbf-586cfe080194,Application Solutions (Electronics and Vision) Ltd.,3,2014,1775
14906329,10000155,2014-07-01,21b372a4-611b-415e-abbf-586cfe080194,Application Solutions (Electronics and Vision) Ltd.,3,2014,1776
14906329,10000155,2014-07-01,21b372a4-611b-415e-abbf-586cfe080194,Application Solutions (Electronics and Vision) Ltd.,3,2014,1777
14906329,10000155,2014-07-01,21b372a4-611b-415e-abbf-586cfe080194,Application Solutions (Electronics and Vision) Ltd.,3,2014,1778
14906329,10000155,2014-07-01,21b372a4-611b-415e-abbf-586cfe080194,Application Solutions (Electronics and Vision) Ltd.,3,2014,1779
15170967,10000156,2016-06-02,a4d30271-09f3-4ffd-abb5-8d8b7c6419c5,"Magna Mirrors of America, Inc.",2,2016,1780
15143322,10000157,2016-04-29,9c6461d1-8206-4d05-bd08-f82ed8414794,Faraday & Future Inc.,2,2016,1781
15143322,10000157,2016-04-29,9c6461d1-8206-4d05-bd08-f82ed8414794,Faraday & Future Inc.,2,2016,1782
15143322,10000157,2016-04-29,9c6461d1-8206-4d05-bd08-f82ed8414794,Faraday & Future Inc.,2,2016,1783
15143322,10000157,2016-04-29,9c6461d1-8206-4d05-bd08-f82ed8414794,Faraday & Future Inc.,2,2016,1784
15143322,10000157,2016-04-29,9c6461d1-8206-4d05-bd08-f82ed8414794,Faraday & Future Inc.,2,2016,1785
15143322,10000157,2016-04-29,9c6461d1-8206-4d05-bd08-f82ed8414794,Faraday & Future Inc.,2,2016,1786
15143322,10000157,2016-04-29,9c6461d1-8206-4d05-bd08-f82ed8414794,Faraday & Future Inc.,2,2016,1787
15143322,10000157,2016-04-29,9c6461d1-8206-4d05-bd08-f82ed8414794,Faraday & Future Inc.,2,2016,1788
15143322,10000157,2016-04-29,9c6461d1-8206-4d05-bd08-f82ed8414794,Faraday & Future Inc.,2,2016,1789
15143322,10000157,2016-04-29,9c6461d1-8206-4d05-bd08-f82ed8414794,Faraday & Future Inc.,2,2016,1790
15143322,10000157,2016-04-29,9c6461d1-8206-4d05-bd08-f82ed8414794,Faraday & Future Inc.,2,2016,1791
15143322,10000157,2016-04-29,9c6461d1-8206-4d05-bd08-f82ed8414794,Faraday & Future Inc.,2,2016,1792
15143322,10000157,2016-04-29,9c6461d1-8206-4d05-bd08-f82ed8414794,Faraday & Future Inc.,2,2016,1793
15143322,10000157,2016-04-29,9c6461d1-8206-4d05-bd08-f82ed8414794,Faraday & Future Inc.,2,2016,1794
15143322,10000157,2016-04-29,9c6461d1-8206-4d05-bd08-f82ed8414794,Faraday & Future Inc.,2,2016,1795
15143322,10000157,2016-04-29,9c6461d1-8206-4d05-bd08-f82ed8414794,Faraday & Future Inc.,2,2016,1796
15093844,10000159,2016-04-08,d8bbbad9-f33d-4fec-822e-3b2b16676aa6,"Ford Global Technologies, LLC",2,2016,1797
15093844,10000159,2016-04-08,d8bbbad9-f33d-4fec-822e-3b2b16676aa6,"Ford Global Technologies, LLC",2,2016,1798
15093844,10000159,2016-04-08,d8bbbad9-f33d-4fec-822e-3b2b16676aa6,"Ford Global Technologies, LLC",2,2016,1799
15093844,10000159,2016-04-08,d8bbbad9-f33d-4fec-822e-3b2b16676aa6,"Ford Global Technologies, LLC",2,2016,1800
15093844,10000159,2016-04-08,d8bbbad9-f33d-4fec-822e-3b2b16676aa6,"Ford Global Technologies, LLC",2,2016,1801
15093844,10000159,2016-04-08,d8bbbad9-f33d-4fec-822e-3b2b16676aa6,"Ford Global Technologies, LLC",2,2016,1802
15093844,10000159,2016-04-08,d8bbbad9-f33d-4fec-822e-3b2b16676aa6,"Ford Global Technologies, LLC",2,2016,1803
15093844,10000159,2016-04-08,d8bbbad9-f33d-4fec-822e-3b2b16676aa6,"Ford Global Technologies, LLC",2,2016,1804
15093844,10000159,2016-04-08,d8bbbad9-f33d-4fec-822e-3b2b16676aa6,"Ford Global Technologies, LLC",2,2016,1805
15093844,10000159,2016-04-08,d8bbbad9-f33d-4fec-822e-3b2b16676aa6,"Ford Global Technologies, LLC",2,2016,1806
15093844,10000159,2016-04-08,d8bbbad9-f33d-4fec-822e-3b2b16676aa6,"Ford Global Technologies, LLC",2,2016,1807
15357535,10000160,2016-11-21,e7673b0e-6b9c-40ae-b2af-b457e528dbd2,"JAC Products, Inc.",2,2016,1808
15357535,10000160,2016-11-21,e7673b0e-6b9c-40ae-b2af-b457e528dbd2,"JAC Products, Inc.",2,2016,1809
15357535,10000160,2016-11-21,e7673b0e-6b9c-40ae-b2af-b457e528dbd2,"JAC Products, Inc.",2,2016,1810
15357535,10000160,2016-11-21,e7673b0e-6b9c-40ae-b2af-b457e528dbd2,"JAC Products, Inc.",2,2016,1811
15357535,10000160,2016-11-21,e7673b0e-6b9c-40ae-b2af-b457e528dbd2,"JAC Products, Inc.",2,2016,1812
15357535,10000160,2016-11-21,e7673b0e-6b9c-40ae-b2af-b457e528dbd2,"JAC Products, Inc.",2,2016,1813
15357535,10000160,2016-11-21,e7673b0e-6b9c-40ae-b2af-b457e528dbd2,"JAC Products, Inc.",2,2016,1814
15357535,10000160,2016-11-21,e7673b0e-6b9c-40ae-b2af-b457e528dbd2,"JAC Products, Inc.",2,2016,1815
15357535,10000160,2016-11-21,e7673b0e-6b9c-40ae-b2af-b457e528dbd2,"JAC Products, Inc.",2,2016,1816
15357535,10000160,2016-11-21,e7673b0e-6b9c-40ae-b2af-b457e528dbd2,"JAC Products, Inc.",2,2016,1817
15357535,10000160,2016-11-21,e7673b0e-6b9c-40ae-b2af-b457e528dbd2,"JAC Products, Inc.",2,2016,1818
15357535,10000160,2016-11-21,e7673b0e-6b9c-40ae-b2af-b457e528dbd2,"JAC Products, Inc.",2,2016,1819
15357535,10000160,2016-11-21,e7673b0e-6b9c-40ae-b2af-b457e528dbd2,"JAC Products, Inc.",2,2016,1820
15296154,10000161,2016-10-18,d8bbbad9-f33d-4fec-822e-3b2b16676aa6,"Ford Global Technologies, LLC",2,2016,1821
15296154,10000161,2016-10-18,d8bbbad9-f33d-4fec-822e-3b2b16676aa6,"Ford Global Technologies, LLC",2,2016,1822
15296154,10000161,2016-10-18,d8bbbad9-f33d-4fec-822e-3b2b16676aa6,"Ford Global Technologies, LLC",2,2016,1823
15296154,10000161,2016-10-18,d8bbbad9-f33d-4fec-822e-3b2b16676aa6,"Ford Global Technologies, LLC",2,2016,1824
15296154,10000161,2016-10-18,d8bbbad9-f33d-4fec-822e-3b2b16676aa6,"Ford Global Technologies, LLC",2,2016,1825
15296154,10000161,2016-10-18,d8bbbad9-f33d-4fec-822e-3b2b16676aa6,"Ford Global Technologies, LLC",2,2016,1826
15341081,10000162,2016-11-02,8305bb42-4345-40e3-8663-d9a5a5ab82ba,HYUNDAI MOTOR COMPANY,3,2016,1827
15341081,10000162,2016-11-02,8305bb42-4345-40e3-8663-d9a5a5ab82ba,HYUNDAI MOTOR COMPANY,3,2016,1828
15341081,10000162,2016-11-02,8305bb42-4345-40e3-8663-d9a5a5ab82ba,HYUNDAI MOTOR COMPANY,3,2016,1829
15341081,10000162,2016-11-02,8305bb42-4345-40e3-8663-d9a5a5ab82ba,HYUNDAI MOTOR COMPANY,3,2016,1830
15341081,10000162,2016-11-02,8305bb42-4345-40e3-8663-d9a5a5ab82ba,HYUNDAI MOTOR COMPANY,3,2016,1831
15341081,10000162,2016-11-02,8305bb42-4345-40e3-8663-d9a5a5ab82ba,HYUNDAI MOTOR COMPANY,3,2016,1832
15341081,10000162,2016-11-02,8305bb42-4345-40e3-8663-d9a5a5ab82ba,HYUNDAI MOTOR COMPANY,3,2016,1833
15341081,10000162,2016-11-02,8305bb42-4345-40e3-8663-d9a5a5ab82ba,HYUNDAI MOTOR COMPANY,3,2016,1834
15341081,10000162,2016-11-02,8305bb42-4345-40e3-8663-d9a5a5ab82ba,HYUNDAI MOTOR COMPANY,3,2016,1835
15341081,10000162,2016-11-02,8305bb42-4345-40e3-8663-d9a5a5ab82ba,HYUNDAI MOTOR COMPANY,3,2016,1836
15341081,10000162,2016-11-02,8305bb42-4345-40e3-8663-d9a5a5ab82ba,HYUNDAI MOTOR COMPANY,3,2016,1837
15341081,10000162,2016-11-02,8305bb42-4345-40e3-8663-d9a5a5ab82ba,HYUNDAI MOTOR COMPANY,3,2016,1838
15341081,10000162,2016-11-02,8305bb42-4345-40e3-8663-d9a5a5ab82ba,HYUNDAI MOTOR COMPANY,3,2016,1839
15468160,10000163,2017-03-24,8ea8ccab-73f5-4064-b79d-cd78906b6734,BENDIX COMMERCIAL VEHICLE SYSTEMS LLC,2,2017,1840
15468160,10000163,2017-03-24,8ea8ccab-73f5-4064-b79d-cd78906b6734,BENDIX COMMERCIAL VEHICLE SYSTEMS LLC,2,2017,1841
15468160,10000163,2017-03-24,8ea8ccab-73f5-4064-b79d-cd78906b6734,BENDIX COMMERCIAL VEHICLE SYSTEMS LLC,2,2017,1842
15468160,10000163,2017-03-24,8ea8ccab-73f5-4064-b79d-cd78906b6734,BENDIX COMMERCIAL VEHICLE SYSTEMS LLC,2,2017,1843
15468160,10000163,2017-03-24,8ea8ccab-73f5-4064-b79d-cd78906b6734,BENDIX COMMERCIAL VEHICLE SYSTEMS LLC,2,2017,1844
15655054,10000164,2017-07-20,c81c8533-14a2-46bd-8ae8-fb37adafe80a,LIGHT WAVE TECHNOLOGY INC.,3,2017,1845
15655054,10000164,2017-07-20,c81c8533-14a2-46bd-8ae8-fb37adafe80a,LIGHT WAVE TECHNOLOGY INC.,3,2017,1846
15655054,10000164,2017-07-20,c81c8533-14a2-46bd-8ae8-fb37adafe80a,LIGHT WAVE TECHNOLOGY INC.,3,2017,1847
15655054,10000164,2017-07-20,c81c8533-14a2-46bd-8ae8-fb37adafe80a,LIGHT WAVE TECHNOLOGY INC.,3,2017,1848
15655054,10000164,2017-07-20,c81c8533-14a2-46bd-8ae8-fb37adafe80a,LIGHT WAVE TECHNOLOGY INC.,3,2017,1849
15655054,10000164,2017-07-20,c81c8533-14a2-46bd-8ae8-fb37adafe80a,LIGHT WAVE TECHNOLOGY INC.,3,2017,1850
15655054,10000164,2017-07-20,c81c8533-14a2-46bd-8ae8-fb37adafe80a,LIGHT WAVE TECHNOLOGY INC.,3,2017,1851
15655054,10000164,2017-07-20,c81c8533-14a2-46bd-8ae8-fb37adafe80a,LIGHT WAVE TECHNOLOGY INC.,3,2017,1852
15655054,10000164,2017-07-20,c81c8533-14a2-46bd-8ae8-fb37adafe80a,LIGHT WAVE TECHNOLOGY INC.,3,2017,1853
15655054,10000164,2017-07-20,c81c8533-14a2-46bd-8ae8-fb37adafe80a,LIGHT WAVE TECHNOLOGY INC.,3,2017,1854
15655054,10000164,2017-07-20,c81c8533-14a2-46bd-8ae8-fb37adafe80a,LIGHT WAVE TECHNOLOGY INC.,3,2017,1855
15655054,10000164,2017-07-20,c81c8533-14a2-46bd-8ae8-fb37adafe80a,LIGHT WAVE TECHNOLOGY INC.,3,2017,1856
15655054,10000164,2017-07-20,c81c8533-14a2-46bd-8ae8-fb37adafe80a,LIGHT WAVE TECHNOLOGY INC.,3,2017,1857
15655054,10000164,2017-07-20,c81c8533-14a2-46bd-8ae8-fb37adafe80a,LIGHT WAVE TECHNOLOGY INC.,3,2017,1858
15655054,10000164,2017-07-20,c81c8533-14a2-46bd-8ae8-fb37adafe80a,LIGHT WAVE TECHNOLOGY INC.,3,2017,1859
15655054,10000164,2017-07-20,c81c8533-14a2-46bd-8ae8-fb37adafe80a,LIGHT WAVE TECHNOLOGY INC.,3,2017,1860
15655054,10000164,2017-07-20,c81c8533-14a2-46bd-8ae8-fb37adafe80a,LIGHT WAVE TECHNOLOGY INC.,3,2017,1861
15655054,10000164,2017-07-20,c81c8533-14a2-46bd-8ae8-fb37adafe80a,LIGHT WAVE TECHNOLOGY INC.,3,2017,1862
15655054,10000164,2017-07-20,c81c8533-14a2-46bd-8ae8-fb37adafe80a,LIGHT WAVE TECHNOLOGY INC.,3,2017,1863
15312471,10000166,2015-05-11,0d5dfa70-c204-4a7d-9664-fe1c89fc4bfe,Renault S.A.S.,3,2015,1864
15312471,10000166,2015-05-11,0d5dfa70-c204-4a7d-9664-fe1c89fc4bfe,Renault S.A.S.,3,2015,1865
15312471,10000166,2015-05-11,0d5dfa70-c204-4a7d-9664-fe1c89fc4bfe,Renault S.A.S.,3,2015,1866
14885841,10000167,2015-10-16,2d2ae065-cb40-4cbb-ab83-9be6e5a73442,Subaru Corporation,3,2015,1867
14885841,10000167,2015-10-16,2d2ae065-cb40-4cbb-ab83-9be6e5a73442,Subaru Corporation,3,2015,1868
14885841,10000167,2015-10-16,2d2ae065-cb40-4cbb-ab83-9be6e5a73442,Subaru Corporation,3,2015,1869
14885841,10000167,2015-10-16,2d2ae065-cb40-4cbb-ab83-9be6e5a73442,Subaru Corporation,3,2015,1870
14885841,10000167,2015-10-16,2d2ae065-cb40-4cbb-ab83-9be6e5a73442,Subaru Corporation,3,2015,1871
14359304,10000168,2012-11-13,4018b760-9326-464f-87f2-3fd6eed6e038,Continental Automotive GmbH,3,2012,1872
14359304,10000168,2012-11-13,4018b760-9326-464f-87f2-3fd6eed6e038,Continental Automotive GmbH,3,2012,1873
14359304,10000168,2012-11-13,4018b760-9326-464f-87f2-3fd6eed6e038,Continental Automotive GmbH,3,2012,1874
14359304,10000168,2012-11-13,4018b760-9326-464f-87f2-3fd6eed6e038,Continental Automotive GmbH,3,2012,1875
14958464,10000169,2015-12-03,51e44c82-55a2-45ae-9aa2-61accca039b8,KIA MOTORS CORPORATION,3,2015,1876
14958464,10000169,2015-12-03,8305bb42-4345-40e3-8663-d9a5a5ab82ba,HYUNDAI MOTOR COMPANY,3,2015,1877
15120196,10000170,2014-03-05,c544a65c-a349-4cb6-8318-dbb5aff217cb,Gestamp Hardtech AB,3,2014,1878
15120196,10000170,2014-03-05,c544a65c-a349-4cb6-8318-dbb5aff217cb,Gestamp Hardtech AB,3,2014,1879
15375627,10000171,2016-12-12,d8bbbad9-f33d-4fec-822e-3b2b16676aa6,"Ford Global Technologies, LLC",2,2016,1880
15375627,10000171,2016-12-12,d8bbbad9-f33d-4fec-822e-3b2b16676aa6,"Ford Global Technologies, LLC",2,2016,1881
15375627,10000171,2016-12-12,d8bbbad9-f33d-4fec-822e-3b2b16676aa6,"Ford Global Technologies, LLC",2,2016,1882
15375627,10000171,2016-12-12,d8bbbad9-f33d-4fec-822e-3b2b16676aa6,"Ford Global Technologies, LLC",2,2016,1883
15195799,10000172,2016-06-28,d8bbbad9-f33d-4fec-822e-3b2b16676aa6,"Ford Global Technologies, LLC",2,2016,1884
15195799,10000172,2016-06-28,d8bbbad9-f33d-4fec-822e-3b2b16676aa6,"Ford Global Technologies, LLC",2,2016,1885
15195799,10000172,2016-06-28,d8bbbad9-f33d-4fec-822e-3b2b16676aa6,"Ford Global Technologies, LLC",2,2016,1886
15195799,10000172,2016-06-28,d8bbbad9-f33d-4fec-822e-3b2b16676aa6,"Ford Global Technologies, LLC",2,2016,1887
15195799,10000172,2016-06-28,d8bbbad9-f33d-4fec-822e-3b2b16676aa6,"Ford Global Technologies, LLC",2,2016,1888
15195799,10000172,2016-06-28,d8bbbad9-f33d-4fec-822e-3b2b16676aa6,"Ford Global Technologies, LLC",2,2016,1889
15195799,10000172,2016-06-28,d8bbbad9-f33d-4fec-822e-3b2b16676aa6,"Ford Global Technologies, LLC",2,2016,1890
15195799,10000172,2016-06-28,d8bbbad9-f33d-4fec-822e-3b2b16676aa6,"Ford Global Technologies, LLC",2,2016,1891
15195799,10000172,2016-06-28,d8bbbad9-f33d-4fec-822e-3b2b16676aa6,"Ford Global Technologies, LLC",2,2016,1892
15195799,10000172,2016-06-28,d8bbbad9-f33d-4fec-822e-3b2b16676aa6,"Ford Global Technologies, LLC",2,2016,1893
15195799,10000172,2016-06-28,d8bbbad9-f33d-4fec-822e-3b2b16676aa6,"Ford Global Technologies, LLC",2,2016,1894
15195799,10000172,2016-06-28,d8bbbad9-f33d-4fec-822e-3b2b16676aa6,"Ford Global Technologies, LLC",2,2016,1895
15195799,10000172,2016-06-28,d8bbbad9-f33d-4fec-822e-3b2b16676aa6,"Ford Global Technologies, LLC",2,2016,1896
15195799,10000172,2016-06-28,d8bbbad9-f33d-4fec-822e-3b2b16676aa6,"Ford Global Technologies, LLC",2,2016,1897
15195799,10000172,2016-06-28,d8bbbad9-f33d-4fec-822e-3b2b16676aa6,"Ford Global Technologies, LLC",2,2016,1898
15195799,10000172,2016-06-28,d8bbbad9-f33d-4fec-822e-3b2b16676aa6,"Ford Global Technologies, LLC",2,2016,1899
15263429,10000174,2016-09-13,1c773c3e-9bc2-4f46-aff9-c2bcdb9cd90f,"TOYODA GOSEI CO., LTD",3,2016,1900
15263429,10000174,2016-09-13,1c773c3e-9bc2-4f46-aff9-c2bcdb9cd90f,"TOYODA GOSEI CO., LTD",3,2016,1901
15263429,10000174,2016-09-13,1c773c3e-9bc2-4f46-aff9-c2bcdb9cd90f,"TOYODA GOSEI CO., LTD",3,2016,1902
15263429,10000174,2016-09-13,1c773c3e-9bc2-4f46-aff9-c2bcdb9cd90f,"TOYODA GOSEI CO., LTD",3,2016,1903
15263429,10000174,2016-09-13,1c773c3e-9bc2-4f46-aff9-c2bcdb9cd90f,"TOYODA GOSEI CO., LTD",3,2016,1904
15263429,10000174,2016-09-13,1c773c3e-9bc2-4f46-aff9-c2bcdb9cd90f,"TOYODA GOSEI CO., LTD",3,2016,1905
15443130,10000176,2017-02-27,d8bbbad9-f33d-4fec-822e-3b2b16676aa6,"Ford Global Technologies, LLC",2,2017,1906
15443130,10000176,2017-02-27,d8bbbad9-f33d-4fec-822e-3b2b16676aa6,"Ford Global Technologies, LLC",2,2017,1907
15443130,10000176,2017-02-27,d8bbbad9-f33d-4fec-822e-3b2b16676aa6,"Ford Global Technologies, LLC",2,2017,1908
15443130,10000176,2017-02-27,d8bbbad9-f33d-4fec-822e-3b2b16676aa6,"Ford Global Technologies, LLC",2,2017,1909
15443130,10000176,2017-02-27,d8bbbad9-f33d-4fec-822e-3b2b16676aa6,"Ford Global Technologies, LLC",2,2017,1910
15443130,10000176,2017-02-27,d8bbbad9-f33d-4fec-822e-3b2b16676aa6,"Ford Global Technologies, LLC",2,2017,1911
15080094,10000177,2016-03-24,2d92316e-3883-40ac-a851-119646a39e9c,Joyson Safety Systems Acquisition LLC,2,2016,1912
15080094,10000177,2016-03-24,2d92316e-3883-40ac-a851-119646a39e9c,Joyson Safety Systems Acquisition LLC,2,2016,1913
15080094,10000177,2016-03-24,2d92316e-3883-40ac-a851-119646a39e9c,Joyson Safety Systems Acquisition LLC,2,2016,1914
15080094,10000177,2016-03-24,2d92316e-3883-40ac-a851-119646a39e9c,Joyson Safety Systems Acquisition LLC,2,2016,1915
15080094,10000177,2016-03-24,2d92316e-3883-40ac-a851-119646a39e9c,Joyson Safety Systems Acquisition LLC,2,2016,1916
15080094,10000177,2016-03-24,2d92316e-3883-40ac-a851-119646a39e9c,Joyson Safety Systems Acquisition LLC,2,2016,1917
15080094,10000177,2016-03-24,2d92316e-3883-40ac-a851-119646a39e9c,Joyson Safety Systems Acquisition LLC,2,2016,1918
15080094,10000177,2016-03-24,2d92316e-3883-40ac-a851-119646a39e9c,Joyson Safety Systems Acquisition LLC,2,2016,1919
15080094,10000177,2016-03-24,2d92316e-3883-40ac-a851-119646a39e9c,Joyson Safety Systems Acquisition LLC,2,2016,1920
15080094,10000177,2016-03-24,2d92316e-3883-40ac-a851-119646a39e9c,Joyson Safety Systems Acquisition LLC,2,2016,1921
15080094,10000177,2016-03-24,2d92316e-3883-40ac-a851-119646a39e9c,Joyson Safety Systems Acquisition LLC,2,2016,1922
14807121,10000178,2015-07-23,988c4cc2-ff64-4c33-801c-35bd79ee9657,Toyota Jidosha Kabushiki Kaisha,3,2015,1923
14807121,10000178,2015-07-23,988c4cc2-ff64-4c33-801c-35bd79ee9657,Toyota Jidosha Kabushiki Kaisha,3,2015,1924
14807121,10000178,2015-07-23,988c4cc2-ff64-4c33-801c-35bd79ee9657,Toyota Jidosha Kabushiki Kaisha,3,2015,1925
14807121,10000178,2015-07-23,988c4cc2-ff64-4c33-801c-35bd79ee9657,Toyota Jidosha Kabushiki Kaisha,3,2015,1926
14807121,10000178,2015-07-23,988c4cc2-ff64-4c33-801c-35bd79ee9657,Toyota Jidosha Kabushiki Kaisha,3,2015,1927
14807121,10000178,2015-07-23,988c4cc2-ff64-4c33-801c-35bd79ee9657,Toyota Jidosha Kabushiki Kaisha,3,2015,1928
15434790,10000179,2017-02-16,049b104f-2912-4cbc-ae46-ec1fb5def4ce,TAKATA CORPORATION,3,2017,1929
15434790,10000179,2017-02-16,049b104f-2912-4cbc-ae46-ec1fb5def4ce,TAKATA CORPORATION,3,2017,1930
15434790,10000179,2017-02-16,049b104f-2912-4cbc-ae46-ec1fb5def4ce,TAKATA CORPORATION,3,2017,1931
15017870,10000180,2016-02-08,988c4cc2-ff64-4c33-801c-35bd79ee9657,Toyota Jidosha Kabushiki Kaisha,3,2016,1932
15017870,10000180,2016-02-08,988c4cc2-ff64-4c33-801c-35bd79ee9657,Toyota Jidosha Kabushiki Kaisha,3,2016,1933
15017870,10000180,2016-02-08,988c4cc2-ff64-4c33-801c-35bd79ee9657,Toyota Jidosha Kabushiki Kaisha,3,2016,1934
15366439,10000181,2016-12-01,8305bb42-4345-40e3-8663-d9a5a5ab82ba,HYUNDAI MOTOR COMPANY,3,2016,1935
15366439,10000181,2016-12-01,8305bb42-4345-40e3-8663-d9a5a5ab82ba,HYUNDAI MOTOR COMPANY,3,2016,1936
15426707,10000182,2017-02-07,f31eede6-c04b-4d1d-ae78-4b0b250c822e,KABUSHIKI KAISHA TOKAI RIKA DENKI SEISAKUSHO,3,2017,1937
15426707,10000182,2017-02-07,f31eede6-c04b-4d1d-ae78-4b0b250c822e,KABUSHIKI KAISHA TOKAI RIKA DENKI SEISAKUSHO,3,2017,1938
15426707,10000182,2017-02-07,f31eede6-c04b-4d1d-ae78-4b0b250c822e,KABUSHIKI KAISHA TOKAI RIKA DENKI SEISAKUSHO,3,2017,1939
15426707,10000182,2017-02-07,f31eede6-c04b-4d1d-ae78-4b0b250c822e,KABUSHIKI KAISHA TOKAI RIKA DENKI SEISAKUSHO,3,2017,1940
15426707,10000182,2017-02-07,f31eede6-c04b-4d1d-ae78-4b0b250c822e,KABUSHIKI KAISHA TOKAI RIKA DENKI SEISAKUSHO,3,2017,1941
15426707,10000182,2017-02-07,f31eede6-c04b-4d1d-ae78-4b0b250c822e,KABUSHIKI KAISHA TOKAI RIKA DENKI SEISAKUSHO,3,2017,1942
15426707,10000182,2017-02-07,f31eede6-c04b-4d1d-ae78-4b0b250c822e,KABUSHIKI KAISHA TOKAI RIKA DENKI SEISAKUSHO,3,2017,1943
15426707,10000182,2017-02-07,f31eede6-c04b-4d1d-ae78-4b0b250c822e,KABUSHIKI KAISHA TOKAI RIKA DENKI SEISAKUSHO,3,2017,1944
14890484,10000183,2014-05-12,4c9c21a4-f7b8-4d97-b6de-23eacb91fa06,TRW AUTOMOTIVE GMBH,3,2014,1945
14890484,10000183,2014-05-12,4c9c21a4-f7b8-4d97-b6de-23eacb91fa06,TRW AUTOMOTIVE GMBH,3,2014,1946
14890484,10000183,2014-05-12,4c9c21a4-f7b8-4d97-b6de-23eacb91fa06,TRW AUTOMOTIVE GMBH,3,2014,1947
14890484,10000183,2014-05-12,4c9c21a4-f7b8-4d97-b6de-23eacb91fa06,TRW AUTOMOTIVE GMBH,3,2014,1948
14890484,10000183,2014-05-12,4c9c21a4-f7b8-4d97-b6de-23eacb91fa06,TRW AUTOMOTIVE GMBH,3,2014,1949
14890484,10000183,2014-05-12,4c9c21a4-f7b8-4d97-b6de-23eacb91fa06,TRW AUTOMOTIVE GMBH,3,2014,1950
14890484,10000183,2014-05-12,4c9c21a4-f7b8-4d97-b6de-23eacb91fa06,TRW AUTOMOTIVE GMBH,3,2014,1951
14890484,10000183,2014-05-12,4c9c21a4-f7b8-4d97-b6de-23eacb91fa06,TRW AUTOMOTIVE GMBH,3,2014,1952
14890484,10000183,2014-05-12,4c9c21a4-f7b8-4d97-b6de-23eacb91fa06,TRW AUTOMOTIVE GMBH,3,2014,1953
14890484,10000183,2014-05-12,4c9c21a4-f7b8-4d97-b6de-23eacb91fa06,TRW AUTOMOTIVE GMBH,3,2014,1954
14890484,10000183,2014-05-12,4c9c21a4-f7b8-4d97-b6de-23eacb91fa06,TRW AUTOMOTIVE GMBH,3,2014,1955
15162162,10000184,2016-05-23,f31eede6-c04b-4d1d-ae78-4b0b250c822e,KABUSHIKI KAISHA TOKAI RIKA DENKI SEISAKUSHO,3,2016,1956
15162162,10000184,2016-05-23,f31eede6-c04b-4d1d-ae78-4b0b250c822e,KABUSHIKI KAISHA TOKAI RIKA DENKI SEISAKUSHO,3,2016,1957
15162162,10000184,2016-05-23,f31eede6-c04b-4d1d-ae78-4b0b250c822e,KABUSHIKI KAISHA TOKAI RIKA DENKI SEISAKUSHO,3,2016,1958
15162162,10000184,2016-05-23,f31eede6-c04b-4d1d-ae78-4b0b250c822e,KABUSHIKI KAISHA TOKAI RIKA DENKI SEISAKUSHO,3,2016,1959
15162162,10000184,2016-05-23,f31eede6-c04b-4d1d-ae78-4b0b250c822e,KABUSHIKI KAISHA TOKAI RIKA DENKI SEISAKUSHO,3,2016,1960
15319395,10000185,2015-06-29,017d6922-f564-4b9b-b90d-f15d9696b81d,TRW Polska SP.ZO.O,3,2015,1961
15319395,10000185,2015-06-29,017d6922-f564-4b9b-b90d-f15d9696b81d,TRW Polska SP.ZO.O,3,2015,1962
15319395,10000185,2015-06-29,017d6922-f564-4b9b-b90d-f15d9696b81d,TRW Polska SP.ZO.O,3,2015,1963
15319395,10000185,2015-06-29,017d6922-f564-4b9b-b90d-f15d9696b81d,TRW Polska SP.ZO.O,3,2015,1964
15274459,10000186,2016-09-23,d8bbbad9-f33d-4fec-822e-3b2b16676aa6,"Ford Global Technologies, LLC",2,2016,1965
15274459,10000186,2016-09-23,d8bbbad9-f33d-4fec-822e-3b2b16676aa6,"Ford Global Technologies, LLC",2,2016,1966
15274459,10000186,2016-09-23,d8bbbad9-f33d-4fec-822e-3b2b16676aa6,"Ford Global Technologies, LLC",2,2016,1967
15274459,10000186,2016-09-23,d8bbbad9-f33d-4fec-822e-3b2b16676aa6,"Ford Global Technologies, LLC",2,2016,1968
15274459,10000186,2016-09-23,d8bbbad9-f33d-4fec-822e-3b2b16676aa6,"Ford Global Technologies, LLC",2,2016,1969
15274459,10000186,2016-09-23,d8bbbad9-f33d-4fec-822e-3b2b16676aa6,"Ford Global Technologies, LLC",2,2016,1970
15320809,10000187,2015-06-22,ab0f5bf9-9dd6-462f-9100-f3dce7da98a2,"SUMITOMO WIRING SYSTEMS, LTD.",3,2015,1971
15320809,10000187,2015-06-22,ab0f5bf9-9dd6-462f-9100-f3dce7da98a2,"SUMITOMO WIRING SYSTEMS, LTD.",3,2015,1972
15320809,10000187,2015-06-22,ab0f5bf9-9dd6-462f-9100-f3dce7da98a2,"SUMITOMO WIRING SYSTEMS, LTD.",3,2015,1973
15320809,10000187,2015-06-22,ab0f5bf9-9dd6-462f-9100-f3dce7da98a2,"SUMITOMO WIRING SYSTEMS, LTD.",3,2015,1974
15320809,10000187,2015-06-22,ab0f5bf9-9dd6-462f-9100-f3dce7da98a2,"SUMITOMO WIRING SYSTEMS, LTD.",3,2015,1975
15320809,10000187,2015-06-22,d7e4cbdb-ac32-42b9-9c62-36435b71b3f2,"SUMITOMO ELECTRIC INDUSTRIES, LTD.",3,2015,1976
15320809,10000187,2015-06-22,d7e4cbdb-ac32-42b9-9c62-36435b71b3f2,"SUMITOMO ELECTRIC INDUSTRIES, LTD.",3,2015,1977
15320809,10000187,2015-06-22,d7e4cbdb-ac32-42b9-9c62-36435b71b3f2,"SUMITOMO ELECTRIC INDUSTRIES, LTD.",3,2015,1978
15320809,10000187,2015-06-22,d7e4cbdb-ac32-42b9-9c62-36435b71b3f2,"SUMITOMO ELECTRIC INDUSTRIES, LTD.",3,2015,1979
15320809,10000187,2015-06-22,d7e4cbdb-ac32-42b9-9c62-36435b71b3f2,"SUMITOMO ELECTRIC INDUSTRIES, LTD.",3,2015,1980
15320809,10000187,2015-06-22,5c321644-0184-4e10-8ff6-38174d437d3f,"AutoNetworks Technologies, Ltd.",3,2015,1981
15320809,10000187,2015-06-22,5c321644-0184-4e10-8ff6-38174d437d3f,"AutoNetworks Technologies, Ltd.",3,2015,1982
15320809,10000187,2015-06-22,5c321644-0184-4e10-8ff6-38174d437d3f,"AutoNetworks Technologies, Ltd.",3,2015,1983
15320809,10000187,2015-06-22,5c321644-0184-4e10-8ff6-38174d437d3f,"AutoNetworks Technologies, Ltd.",3,2015,1984
15320809,10000187,2015-06-22,5c321644-0184-4e10-8ff6-38174d437d3f,"AutoNetworks Technologies, Ltd.",3,2015,1985
15217214,10000188,2016-07-22,1ac326ed-4fe2-4949-8ad5-e86a554b071a,HARRIS CORPORATION,2,2016,1986
15217214,10000188,2016-07-22,1ac326ed-4fe2-4949-8ad5-e86a554b071a,HARRIS CORPORATION,2,2016,1987
15217214,10000188,2016-07-22,1ac326ed-4fe2-4949-8ad5-e86a554b071a,HARRIS CORPORATION,2,2016,1988
15217214,10000188,2016-07-22,1ac326ed-4fe2-4949-8ad5-e86a554b071a,HARRIS CORPORATION,2,2016,1989
15217214,10000188,2016-07-22,1ac326ed-4fe2-4949-8ad5-e86a554b071a,HARRIS CORPORATION,2,2016,1990
15030528,10000190,2014-07-23,f31eede6-c04b-4d1d-ae78-4b0b250c822e,KABUSHIKI KAISHA TOKAI RIKA DENKI SEISAKUSHO,3,2014,1991
15030528,10000190,2014-07-23,f31eede6-c04b-4d1d-ae78-4b0b250c822e,KABUSHIKI KAISHA TOKAI RIKA DENKI SEISAKUSHO,3,2014,1992
15030528,10000190,2014-07-23,f31eede6-c04b-4d1d-ae78-4b0b250c822e,KABUSHIKI KAISHA TOKAI RIKA DENKI SEISAKUSHO,3,2014,1993
15030528,10000190,2014-07-23,f31eede6-c04b-4d1d-ae78-4b0b250c822e,KABUSHIKI KAISHA TOKAI RIKA DENKI SEISAKUSHO,3,2014,1994
15030528,10000190,2014-07-23,f31eede6-c04b-4d1d-ae78-4b0b250c822e,KABUSHIKI KAISHA TOKAI RIKA DENKI SEISAKUSHO,3,2014,1995
15030528,10000190,2014-07-23,f31eede6-c04b-4d1d-ae78-4b0b250c822e,KABUSHIKI KAISHA TOKAI RIKA DENKI SEISAKUSHO,3,2014,1996
15030528,10000190,2014-07-23,f31eede6-c04b-4d1d-ae78-4b0b250c822e,KABUSHIKI KAISHA TOKAI RIKA DENKI SEISAKUSHO,3,2014,1997
15030528,10000190,2014-07-23,f31eede6-c04b-4d1d-ae78-4b0b250c822e,KABUSHIKI KAISHA TOKAI RIKA DENKI SEISAKUSHO,3,2014,1998
15030528,10000190,2014-07-23,f31eede6-c04b-4d1d-ae78-4b0b250c822e,KABUSHIKI KAISHA TOKAI RIKA DENKI SEISAKUSHO,3,2014,1999
15463762,10000191,2017-03-20,1ca2592b-401e-41e4-87d9-1461c90e55f3,Robert Bosch GmbH,3,2017,2000
